"","fname","MS","TDR","equity","ebike","modefinal","cases"
"1","baseline.csv",1,1,0,0,2,100
"2","IIyear.MS1_TDR0.7_ebik0_eq0.csv",2,0.7,0,0,1,16.84
"3","IIyear.MS1_TDR0.7_ebik0_eq0.csv",2,0.7,0,0,3,52.17
"4","IIyear.MS1_TDR0.7_ebik0_eq0.csv",2,0.7,0,0,4,19.39
"5","IIyear.MS1_TDR0.7_ebik0_eq0.csv",2,0.7,0,0,5,6.63
"6","IIyear.MS1_TDR0.7_ebik0_eq0.csv",2,0.7,0,0,6,1.4
"7","IIyear.MS1_TDR0.7_ebik0_eq0.csv",2,0.7,0,0,7,3.57
"8","IIyear.MS1_TDR0.7_ebik0_eq1.csv",2,0.7,1,0,1,13.63
"9","IIyear.MS1_TDR0.7_ebik0_eq1.csv",2,0.7,1,0,3,51.41
"10","IIyear.MS1_TDR0.7_ebik0_eq1.csv",2,0.7,1,0,4,21.92
"11","IIyear.MS1_TDR0.7_ebik0_eq1.csv",2,0.7,1,0,5,8.72
"12","IIyear.MS1_TDR0.7_ebik0_eq1.csv",2,0.7,1,0,6,1.95
"13","IIyear.MS1_TDR0.7_ebik0_eq1.csv",2,0.7,1,0,7,2.38
"14","IIyear.MS1_TDR0.7_ebik1_eq0.csv",2,0.7,0,1,1,14.25
"15","IIyear.MS1_TDR0.7_ebik1_eq0.csv",2,0.7,0,1,3,55.14
"16","IIyear.MS1_TDR0.7_ebik1_eq0.csv",2,0.7,0,1,4,18.23
"17","IIyear.MS1_TDR0.7_ebik1_eq0.csv",2,0.7,0,1,5,8.4
"18","IIyear.MS1_TDR0.7_ebik1_eq0.csv",2,0.7,0,1,6,1.44
"19","IIyear.MS1_TDR0.7_ebik1_eq0.csv",2,0.7,0,1,7,2.54
"20","IIyear.MS1_TDR0.7_ebik1_eq1.csv",2,0.7,1,1,1,15.46
"21","IIyear.MS1_TDR0.7_ebik1_eq1.csv",2,0.7,1,1,3,52.38
"22","IIyear.MS1_TDR0.7_ebik1_eq1.csv",2,0.7,1,1,4,20.91
"23","IIyear.MS1_TDR0.7_ebik1_eq1.csv",2,0.7,1,1,5,7.25
"24","IIyear.MS1_TDR0.7_ebik1_eq1.csv",2,0.7,1,1,6,1.66
"25","IIyear.MS1_TDR0.7_ebik1_eq1.csv",2,0.7,1,1,7,2.35
"26","IIyear.MS1_TDR0.8_ebik0_eq0.csv",2,0.8,0,0,1,17.84
"27","IIyear.MS1_TDR0.8_ebik0_eq0.csv",2,0.8,0,0,3,53.79
"28","IIyear.MS1_TDR0.8_ebik0_eq0.csv",2,0.8,0,0,4,16.17
"29","IIyear.MS1_TDR0.8_ebik0_eq0.csv",2,0.8,0,0,5,7.32
"30","IIyear.MS1_TDR0.8_ebik0_eq0.csv",2,0.8,0,0,6,1.41
"31","IIyear.MS1_TDR0.8_ebik0_eq0.csv",2,0.8,0,0,7,3.47
"32","IIyear.MS1_TDR0.8_ebik0_eq1.csv",2,0.8,1,0,1,14.27
"33","IIyear.MS1_TDR0.8_ebik0_eq1.csv",2,0.8,1,0,3,52.79
"34","IIyear.MS1_TDR0.8_ebik0_eq1.csv",2,0.8,1,0,4,20.56
"35","IIyear.MS1_TDR0.8_ebik0_eq1.csv",2,0.8,1,0,5,8.62
"36","IIyear.MS1_TDR0.8_ebik0_eq1.csv",2,0.8,1,0,6,1.81
"37","IIyear.MS1_TDR0.8_ebik0_eq1.csv",2,0.8,1,0,7,1.96
"38","IIyear.MS1_TDR0.8_ebik1_eq0.csv",2,0.8,0,1,1,13.83
"39","IIyear.MS1_TDR0.8_ebik1_eq0.csv",2,0.8,0,1,3,56.35
"40","IIyear.MS1_TDR0.8_ebik1_eq0.csv",2,0.8,0,1,4,17.52
"41","IIyear.MS1_TDR0.8_ebik1_eq0.csv",2,0.8,0,1,5,8.09
"42","IIyear.MS1_TDR0.8_ebik1_eq0.csv",2,0.8,0,1,6,2.15
"43","IIyear.MS1_TDR0.8_ebik1_eq0.csv",2,0.8,0,1,7,2.05
"44","IIyear.MS1_TDR0.8_ebik1_eq1.csv",2,0.8,1,1,1,16.54
"45","IIyear.MS1_TDR0.8_ebik1_eq1.csv",2,0.8,1,1,3,51.29
"46","IIyear.MS1_TDR0.8_ebik1_eq1.csv",2,0.8,1,1,4,20.92
"47","IIyear.MS1_TDR0.8_ebik1_eq1.csv",2,0.8,1,1,5,7.37
"48","IIyear.MS1_TDR0.8_ebik1_eq1.csv",2,0.8,1,1,6,1.39
"49","IIyear.MS1_TDR0.8_ebik1_eq1.csv",2,0.8,1,1,7,2.5
"50","IIyear.MS1_TDR0.9_ebik0_eq0.csv",2,0.9,0,0,1,18.2
"51","IIyear.MS1_TDR0.9_ebik0_eq0.csv",2,0.9,0,0,3,54.44
"52","IIyear.MS1_TDR0.9_ebik0_eq0.csv",2,0.9,0,0,4,17.6
"53","IIyear.MS1_TDR0.9_ebik0_eq0.csv",2,0.9,0,0,5,6.21
"54","IIyear.MS1_TDR0.9_ebik0_eq0.csv",2,0.9,0,0,6,0.89
"55","IIyear.MS1_TDR0.9_ebik0_eq0.csv",2,0.9,0,0,7,2.66
"56","IIyear.MS1_TDR0.9_ebik0_eq1.csv",2,0.9,1,0,1,16.88
"57","IIyear.MS1_TDR0.9_ebik0_eq1.csv",2,0.9,1,0,3,51.6
"58","IIyear.MS1_TDR0.9_ebik0_eq1.csv",2,0.9,1,0,4,19.33
"59","IIyear.MS1_TDR0.9_ebik0_eq1.csv",2,0.9,1,0,5,8.33
"60","IIyear.MS1_TDR0.9_ebik0_eq1.csv",2,0.9,1,0,6,1.56
"61","IIyear.MS1_TDR0.9_ebik0_eq1.csv",2,0.9,1,0,7,2.3
"62","IIyear.MS1_TDR0.9_ebik1_eq0.csv",2,0.9,0,1,1,15.62
"63","IIyear.MS1_TDR0.9_ebik1_eq0.csv",2,0.9,0,1,3,56.03
"64","IIyear.MS1_TDR0.9_ebik1_eq0.csv",2,0.9,0,1,4,16.92
"65","IIyear.MS1_TDR0.9_ebik1_eq0.csv",2,0.9,0,1,5,6.79
"66","IIyear.MS1_TDR0.9_ebik1_eq0.csv",2,0.9,0,1,6,2.16
"67","IIyear.MS1_TDR0.9_ebik1_eq0.csv",2,0.9,0,1,7,2.48
"68","IIyear.MS1_TDR0.9_ebik1_eq1.csv",2,0.9,1,1,1,15.94
"69","IIyear.MS1_TDR0.9_ebik1_eq1.csv",2,0.9,1,1,3,50.35
"70","IIyear.MS1_TDR0.9_ebik1_eq1.csv",2,0.9,1,1,4,20.87
"71","IIyear.MS1_TDR0.9_ebik1_eq1.csv",2,0.9,1,1,5,7.97
"72","IIyear.MS1_TDR0.9_ebik1_eq1.csv",2,0.9,1,1,6,2.47
"73","IIyear.MS1_TDR0.9_ebik1_eq1.csv",2,0.9,1,1,7,2.4
"74","IIyear.MS1_TDR1_ebik0_eq0.csv",2,1,0,0,1,23.72
"75","IIyear.MS1_TDR1_ebik0_eq0.csv",2,1,0,0,3,50.4
"76","IIyear.MS1_TDR1_ebik0_eq0.csv",2,1,0,0,4,14.96
"77","IIyear.MS1_TDR1_ebik0_eq0.csv",2,1,0,0,5,7.01
"78","IIyear.MS1_TDR1_ebik0_eq0.csv",2,1,0,0,6,1.48
"79","IIyear.MS1_TDR1_ebik0_eq0.csv",2,1,0,0,7,2.43
"80","IIyear.MS1_TDR1_ebik0_eq1.csv",2,1,1,0,1,17.98
"81","IIyear.MS1_TDR1_ebik0_eq1.csv",2,1,1,0,3,50
"82","IIyear.MS1_TDR1_ebik0_eq1.csv",2,1,1,0,4,18.8
"83","IIyear.MS1_TDR1_ebik0_eq1.csv",2,1,1,0,5,9.02
"84","IIyear.MS1_TDR1_ebik0_eq1.csv",2,1,1,0,6,1.58
"85","IIyear.MS1_TDR1_ebik0_eq1.csv",2,1,1,0,7,2.62
"86","IIyear.MS1_TDR1_ebik1_eq0.csv",2,1,0,1,1,18.97
"87","IIyear.MS1_TDR1_ebik1_eq0.csv",2,1,0,1,3,49.95
"88","IIyear.MS1_TDR1_ebik1_eq0.csv",2,1,0,1,4,18.26
"89","IIyear.MS1_TDR1_ebik1_eq0.csv",2,1,0,1,5,7.28
"90","IIyear.MS1_TDR1_ebik1_eq0.csv",2,1,0,1,6,2.67
"91","IIyear.MS1_TDR1_ebik1_eq0.csv",2,1,0,1,7,2.87
"92","IIyear.MS1_TDR1_ebik1_eq1.csv",2,1,1,1,1,18.59
"93","IIyear.MS1_TDR1_ebik1_eq1.csv",2,1,1,1,3,49.72
"94","IIyear.MS1_TDR1_ebik1_eq1.csv",2,1,1,1,4,19.57
"95","IIyear.MS1_TDR1_ebik1_eq1.csv",2,1,1,1,5,8.22
"96","IIyear.MS1_TDR1_ebik1_eq1.csv",2,1,1,1,6,1.32
"97","IIyear.MS1_TDR1_ebik1_eq1.csv",2,1,1,1,7,2.58
"98","IIyear.MS16_TDR0.7_ebik0_eq0.csv",17,0.7,0,0,1,19.09
"99","IIyear.MS16_TDR0.7_ebik0_eq0.csv",17,0.7,0,0,3,50.12
"100","IIyear.MS16_TDR0.7_ebik0_eq0.csv",17,0.7,0,0,4,19.73
"101","IIyear.MS16_TDR0.7_ebik0_eq0.csv",17,0.7,0,0,5,6.78
"102","IIyear.MS16_TDR0.7_ebik0_eq0.csv",17,0.7,0,0,6,1.57
"103","IIyear.MS16_TDR0.7_ebik0_eq0.csv",17,0.7,0,0,7,2.72
"104","IIyear.MS16_TDR0.7_ebik0_eq1.csv",17,0.7,1,0,1,15.78
"105","IIyear.MS16_TDR0.7_ebik0_eq1.csv",17,0.7,1,0,3,50.05
"106","IIyear.MS16_TDR0.7_ebik0_eq1.csv",17,0.7,1,0,4,22.38
"107","IIyear.MS16_TDR0.7_ebik0_eq1.csv",17,0.7,1,0,5,7.78
"108","IIyear.MS16_TDR0.7_ebik0_eq1.csv",17,0.7,1,0,6,1.83
"109","IIyear.MS16_TDR0.7_ebik0_eq1.csv",17,0.7,1,0,7,2.18
"110","IIyear.MS16_TDR0.7_ebik1_eq0.csv",17,0.7,0,1,1,15.6
"111","IIyear.MS16_TDR0.7_ebik1_eq0.csv",17,0.7,0,1,3,52.16
"112","IIyear.MS16_TDR0.7_ebik1_eq0.csv",17,0.7,0,1,4,20.78
"113","IIyear.MS16_TDR0.7_ebik1_eq0.csv",17,0.7,0,1,5,7.27
"114","IIyear.MS16_TDR0.7_ebik1_eq0.csv",17,0.7,0,1,6,2.12
"115","IIyear.MS16_TDR0.7_ebik1_eq0.csv",17,0.7,0,1,7,2.06
"116","IIyear.MS16_TDR0.7_ebik1_eq1.csv",17,0.7,1,1,1,15.55
"117","IIyear.MS16_TDR0.7_ebik1_eq1.csv",17,0.7,1,1,3,50.17
"118","IIyear.MS16_TDR0.7_ebik1_eq1.csv",17,0.7,1,1,4,22.66
"119","IIyear.MS16_TDR0.7_ebik1_eq1.csv",17,0.7,1,1,5,7.79
"120","IIyear.MS16_TDR0.7_ebik1_eq1.csv",17,0.7,1,1,6,1.85
"121","IIyear.MS16_TDR0.7_ebik1_eq1.csv",17,0.7,1,1,7,1.98
"122","IIyear.MS16_TDR0.8_ebik0_eq0.csv",17,0.8,0,0,1,20
"123","IIyear.MS16_TDR0.8_ebik0_eq0.csv",17,0.8,0,0,3,49.7
"124","IIyear.MS16_TDR0.8_ebik0_eq0.csv",17,0.8,0,0,4,19.05
"125","IIyear.MS16_TDR0.8_ebik0_eq0.csv",17,0.8,0,0,5,7.27
"126","IIyear.MS16_TDR0.8_ebik0_eq0.csv",17,0.8,0,0,6,1.45
"127","IIyear.MS16_TDR0.8_ebik0_eq0.csv",17,0.8,0,0,7,2.53
"128","IIyear.MS16_TDR0.8_ebik0_eq1.csv",17,0.8,1,0,1,15.8
"129","IIyear.MS16_TDR0.8_ebik0_eq1.csv",17,0.8,1,0,3,50.45
"130","IIyear.MS16_TDR0.8_ebik0_eq1.csv",17,0.8,1,0,4,22.07
"131","IIyear.MS16_TDR0.8_ebik0_eq1.csv",17,0.8,1,0,5,7.88
"132","IIyear.MS16_TDR0.8_ebik0_eq1.csv",17,0.8,1,0,6,1.63
"133","IIyear.MS16_TDR0.8_ebik0_eq1.csv",17,0.8,1,0,7,2.18
"134","IIyear.MS16_TDR0.8_ebik1_eq0.csv",17,0.8,0,1,1,15.72
"135","IIyear.MS16_TDR0.8_ebik1_eq0.csv",17,0.8,0,1,3,52.29
"136","IIyear.MS16_TDR0.8_ebik1_eq0.csv",17,0.8,0,1,4,20.52
"137","IIyear.MS16_TDR0.8_ebik1_eq0.csv",17,0.8,0,1,5,6.95
"138","IIyear.MS16_TDR0.8_ebik1_eq0.csv",17,0.8,0,1,6,2.15
"139","IIyear.MS16_TDR0.8_ebik1_eq0.csv",17,0.8,0,1,7,2.36
"140","IIyear.MS16_TDR0.8_ebik1_eq1.csv",17,0.8,1,1,1,16.17
"141","IIyear.MS16_TDR0.8_ebik1_eq1.csv",17,0.8,1,1,3,50.24
"142","IIyear.MS16_TDR0.8_ebik1_eq1.csv",17,0.8,1,1,4,22.17
"143","IIyear.MS16_TDR0.8_ebik1_eq1.csv",17,0.8,1,1,5,7.52
"144","IIyear.MS16_TDR0.8_ebik1_eq1.csv",17,0.8,1,1,6,1.83
"145","IIyear.MS16_TDR0.8_ebik1_eq1.csv",17,0.8,1,1,7,2.07
"146","IIyear.MS16_TDR0.9_ebik0_eq0.csv",17,0.9,0,0,1,21.14
"147","IIyear.MS16_TDR0.9_ebik0_eq0.csv",17,0.9,0,0,3,50.06
"148","IIyear.MS16_TDR0.9_ebik0_eq0.csv",17,0.9,0,0,4,18.33
"149","IIyear.MS16_TDR0.9_ebik0_eq0.csv",17,0.9,0,0,5,6.61
"150","IIyear.MS16_TDR0.9_ebik0_eq0.csv",17,0.9,0,0,6,1.24
"151","IIyear.MS16_TDR0.9_ebik0_eq0.csv",17,0.9,0,0,7,2.61
"152","IIyear.MS16_TDR0.9_ebik0_eq1.csv",17,0.9,1,0,1,17.47
"153","IIyear.MS16_TDR0.9_ebik0_eq1.csv",17,0.9,1,0,3,49.39
"154","IIyear.MS16_TDR0.9_ebik0_eq1.csv",17,0.9,1,0,4,21.71
"155","IIyear.MS16_TDR0.9_ebik0_eq1.csv",17,0.9,1,0,5,7.91
"156","IIyear.MS16_TDR0.9_ebik0_eq1.csv",17,0.9,1,0,6,1.41
"157","IIyear.MS16_TDR0.9_ebik0_eq1.csv",17,0.9,1,0,7,2.11
"158","IIyear.MS16_TDR0.9_ebik1_eq0.csv",17,0.9,0,1,1,16.96
"159","IIyear.MS16_TDR0.9_ebik1_eq0.csv",17,0.9,0,1,3,51.46
"160","IIyear.MS16_TDR0.9_ebik1_eq0.csv",17,0.9,0,1,4,20.73
"161","IIyear.MS16_TDR0.9_ebik1_eq0.csv",17,0.9,0,1,5,6.9
"162","IIyear.MS16_TDR0.9_ebik1_eq0.csv",17,0.9,0,1,6,1.79
"163","IIyear.MS16_TDR0.9_ebik1_eq0.csv",17,0.9,0,1,7,2.15
"164","IIyear.MS16_TDR0.9_ebik1_eq1.csv",17,0.9,1,1,1,16.74
"165","IIyear.MS16_TDR0.9_ebik1_eq1.csv",17,0.9,1,1,3,49.84
"166","IIyear.MS16_TDR0.9_ebik1_eq1.csv",17,0.9,1,1,4,21.85
"167","IIyear.MS16_TDR0.9_ebik1_eq1.csv",17,0.9,1,1,5,7.65
"168","IIyear.MS16_TDR0.9_ebik1_eq1.csv",17,0.9,1,1,6,1.74
"169","IIyear.MS16_TDR0.9_ebik1_eq1.csv",17,0.9,1,1,7,2.18
"170","IIyear.MS16_TDR1_ebik0_eq0.csv",17,1,0,0,1,24.29
"171","IIyear.MS16_TDR1_ebik0_eq0.csv",17,1,0,0,3,47.66
"172","IIyear.MS16_TDR1_ebik0_eq0.csv",17,1,0,0,4,18.73
"173","IIyear.MS16_TDR1_ebik0_eq0.csv",17,1,0,0,5,5.75
"174","IIyear.MS16_TDR1_ebik0_eq0.csv",17,1,0,0,6,1.26
"175","IIyear.MS16_TDR1_ebik0_eq0.csv",17,1,0,0,7,2.31
"176","IIyear.MS16_TDR1_ebik0_eq1.csv",17,1,1,0,1,20.75
"177","IIyear.MS16_TDR1_ebik0_eq1.csv",17,1,1,0,3,48.14
"178","IIyear.MS16_TDR1_ebik0_eq1.csv",17,1,1,0,4,20.51
"179","IIyear.MS16_TDR1_ebik0_eq1.csv",17,1,1,0,5,7.28
"180","IIyear.MS16_TDR1_ebik0_eq1.csv",17,1,1,0,6,1.39
"181","IIyear.MS16_TDR1_ebik0_eq1.csv",17,1,1,0,7,1.92
"182","IIyear.MS16_TDR1_ebik1_eq0.csv",17,1,0,1,1,19.49
"183","IIyear.MS16_TDR1_ebik1_eq0.csv",17,1,0,1,3,51.03
"184","IIyear.MS16_TDR1_ebik1_eq0.csv",17,1,0,1,4,19.2
"185","IIyear.MS16_TDR1_ebik1_eq0.csv",17,1,0,1,5,6.5
"186","IIyear.MS16_TDR1_ebik1_eq0.csv",17,1,0,1,6,1.82
"187","IIyear.MS16_TDR1_ebik1_eq0.csv",17,1,0,1,7,1.96
"188","IIyear.MS16_TDR1_ebik1_eq1.csv",17,1,1,1,1,19.73
"189","IIyear.MS16_TDR1_ebik1_eq1.csv",17,1,1,1,3,48.19
"190","IIyear.MS16_TDR1_ebik1_eq1.csv",17,1,1,1,4,20.97
"191","IIyear.MS16_TDR1_ebik1_eq1.csv",17,1,1,1,5,7.31
"192","IIyear.MS16_TDR1_ebik1_eq1.csv",17,1,1,1,6,1.75
"193","IIyear.MS16_TDR1_ebik1_eq1.csv",17,1,1,1,7,2.05
"194","IIyear.MS2_TDR0.7_ebik0_eq0.csv",3,0.7,0,0,1,17.76
"195","IIyear.MS2_TDR0.7_ebik0_eq0.csv",3,0.7,0,0,3,54.62
"196","IIyear.MS2_TDR0.7_ebik0_eq0.csv",3,0.7,0,0,4,16.04
"197","IIyear.MS2_TDR0.7_ebik0_eq0.csv",3,0.7,0,0,5,6.86
"198","IIyear.MS2_TDR0.7_ebik0_eq0.csv",3,0.7,0,0,6,2.08
"199","IIyear.MS2_TDR0.7_ebik0_eq0.csv",3,0.7,0,0,7,2.63
"200","IIyear.MS2_TDR0.7_ebik0_eq1.csv",3,0.7,1,0,1,14.29
"201","IIyear.MS2_TDR0.7_ebik0_eq1.csv",3,0.7,1,0,3,50.56
"202","IIyear.MS2_TDR0.7_ebik0_eq1.csv",3,0.7,1,0,4,22.15
"203","IIyear.MS2_TDR0.7_ebik0_eq1.csv",3,0.7,1,0,5,7.62
"204","IIyear.MS2_TDR0.7_ebik0_eq1.csv",3,0.7,1,0,6,2.69
"205","IIyear.MS2_TDR0.7_ebik0_eq1.csv",3,0.7,1,0,7,2.69
"206","IIyear.MS2_TDR0.7_ebik1_eq0.csv",3,0.7,0,1,1,16.84
"207","IIyear.MS2_TDR0.7_ebik1_eq0.csv",3,0.7,0,1,3,52.78
"208","IIyear.MS2_TDR0.7_ebik1_eq0.csv",3,0.7,0,1,4,18.8
"209","IIyear.MS2_TDR0.7_ebik1_eq0.csv",3,0.7,0,1,5,6.23
"210","IIyear.MS2_TDR0.7_ebik1_eq0.csv",3,0.7,0,1,6,3.09
"211","IIyear.MS2_TDR0.7_ebik1_eq0.csv",3,0.7,0,1,7,2.27
"212","IIyear.MS2_TDR0.7_ebik1_eq1.csv",3,0.7,1,1,1,13.75
"213","IIyear.MS2_TDR0.7_ebik1_eq1.csv",3,0.7,1,1,3,49.83
"214","IIyear.MS2_TDR0.7_ebik1_eq1.csv",3,0.7,1,1,4,23.43
"215","IIyear.MS2_TDR0.7_ebik1_eq1.csv",3,0.7,1,1,5,8.04
"216","IIyear.MS2_TDR0.7_ebik1_eq1.csv",3,0.7,1,1,6,2.87
"217","IIyear.MS2_TDR0.7_ebik1_eq1.csv",3,0.7,1,1,7,2.09
"218","IIyear.MS2_TDR0.8_ebik0_eq0.csv",3,0.8,0,0,1,18.43
"219","IIyear.MS2_TDR0.8_ebik0_eq0.csv",3,0.8,0,0,3,53.19
"220","IIyear.MS2_TDR0.8_ebik0_eq0.csv",3,0.8,0,0,4,16.63
"221","IIyear.MS2_TDR0.8_ebik0_eq0.csv",3,0.8,0,0,5,6.02
"222","IIyear.MS2_TDR0.8_ebik0_eq0.csv",3,0.8,0,0,6,2.35
"223","IIyear.MS2_TDR0.8_ebik0_eq0.csv",3,0.8,0,0,7,3.37
"224","IIyear.MS2_TDR0.8_ebik0_eq1.csv",3,0.8,1,0,1,14.66
"225","IIyear.MS2_TDR0.8_ebik0_eq1.csv",3,0.8,1,0,3,51.35
"226","IIyear.MS2_TDR0.8_ebik0_eq1.csv",3,0.8,1,0,4,21.97
"227","IIyear.MS2_TDR0.8_ebik0_eq1.csv",3,0.8,1,0,5,7.63
"228","IIyear.MS2_TDR0.8_ebik0_eq1.csv",3,0.8,1,0,6,2.13
"229","IIyear.MS2_TDR0.8_ebik0_eq1.csv",3,0.8,1,0,7,2.27
"230","IIyear.MS2_TDR0.8_ebik1_eq0.csv",3,0.8,0,1,1,17.05
"231","IIyear.MS2_TDR0.8_ebik1_eq0.csv",3,0.8,0,1,3,54.28
"232","IIyear.MS2_TDR0.8_ebik1_eq0.csv",3,0.8,0,1,4,17.65
"233","IIyear.MS2_TDR0.8_ebik1_eq0.csv",3,0.8,0,1,5,5.88
"234","IIyear.MS2_TDR0.8_ebik1_eq0.csv",3,0.8,0,1,6,2.47
"235","IIyear.MS2_TDR0.8_ebik1_eq0.csv",3,0.8,0,1,7,2.67
"236","IIyear.MS2_TDR0.8_ebik1_eq1.csv",3,0.8,1,1,1,15.31
"237","IIyear.MS2_TDR0.8_ebik1_eq1.csv",3,0.8,1,1,3,49.02
"238","IIyear.MS2_TDR0.8_ebik1_eq1.csv",3,0.8,1,1,4,22.28
"239","IIyear.MS2_TDR0.8_ebik1_eq1.csv",3,0.8,1,1,5,8
"240","IIyear.MS2_TDR0.8_ebik1_eq1.csv",3,0.8,1,1,6,2.46
"241","IIyear.MS2_TDR0.8_ebik1_eq1.csv",3,0.8,1,1,7,2.92
"242","IIyear.MS2_TDR0.9_ebik0_eq0.csv",3,0.9,0,0,1,19.7
"243","IIyear.MS2_TDR0.9_ebik0_eq0.csv",3,0.9,0,0,3,52.32
"244","IIyear.MS2_TDR0.9_ebik0_eq0.csv",3,0.9,0,0,4,17.63
"245","IIyear.MS2_TDR0.9_ebik0_eq0.csv",3,0.9,0,0,5,6.52
"246","IIyear.MS2_TDR0.9_ebik0_eq0.csv",3,0.9,0,0,6,1.38
"247","IIyear.MS2_TDR0.9_ebik0_eq0.csv",3,0.9,0,0,7,2.45
"248","IIyear.MS2_TDR0.9_ebik0_eq1.csv",3,0.9,1,0,1,14.99
"249","IIyear.MS2_TDR0.9_ebik0_eq1.csv",3,0.9,1,0,3,49.4
"250","IIyear.MS2_TDR0.9_ebik0_eq1.csv",3,0.9,1,0,4,21.95
"251","IIyear.MS2_TDR0.9_ebik0_eq1.csv",3,0.9,1,0,5,8.67
"252","IIyear.MS2_TDR0.9_ebik0_eq1.csv",3,0.9,1,0,6,2.35
"253","IIyear.MS2_TDR0.9_ebik0_eq1.csv",3,0.9,1,0,7,2.63
"254","IIyear.MS2_TDR0.9_ebik1_eq0.csv",3,0.9,0,1,1,15.7
"255","IIyear.MS2_TDR0.9_ebik1_eq0.csv",3,0.9,0,1,3,54.38
"256","IIyear.MS2_TDR0.9_ebik1_eq0.csv",3,0.9,0,1,4,17.98
"257","IIyear.MS2_TDR0.9_ebik1_eq0.csv",3,0.9,0,1,5,6.79
"258","IIyear.MS2_TDR0.9_ebik1_eq0.csv",3,0.9,0,1,6,2.67
"259","IIyear.MS2_TDR0.9_ebik1_eq0.csv",3,0.9,0,1,7,2.48
"260","IIyear.MS2_TDR0.9_ebik1_eq1.csv",3,0.9,1,1,1,15.29
"261","IIyear.MS2_TDR0.9_ebik1_eq1.csv",3,0.9,1,1,3,50.1
"262","IIyear.MS2_TDR0.9_ebik1_eq1.csv",3,0.9,1,1,4,22.04
"263","IIyear.MS2_TDR0.9_ebik1_eq1.csv",3,0.9,1,1,5,8.06
"264","IIyear.MS2_TDR0.9_ebik1_eq1.csv",3,0.9,1,1,6,2.12
"265","IIyear.MS2_TDR0.9_ebik1_eq1.csv",3,0.9,1,1,7,2.39
"266","IIyear.MS2_TDR1_ebik0_eq0.csv",3,1,0,0,1,23.59
"267","IIyear.MS2_TDR1_ebik0_eq0.csv",3,1,0,0,3,50.72
"268","IIyear.MS2_TDR1_ebik0_eq0.csv",3,1,0,0,4,14.23
"269","IIyear.MS2_TDR1_ebik0_eq0.csv",3,1,0,0,5,7.14
"270","IIyear.MS2_TDR1_ebik0_eq0.csv",3,1,0,0,6,2.04
"271","IIyear.MS2_TDR1_ebik0_eq0.csv",3,1,0,0,7,2.28
"272","IIyear.MS2_TDR1_ebik0_eq1.csv",3,1,1,0,1,20.05
"273","IIyear.MS2_TDR1_ebik0_eq1.csv",3,1,1,0,3,46.69
"274","IIyear.MS2_TDR1_ebik0_eq1.csv",3,1,1,0,4,21.18
"275","IIyear.MS2_TDR1_ebik0_eq1.csv",3,1,1,0,5,7.43
"276","IIyear.MS2_TDR1_ebik0_eq1.csv",3,1,1,0,6,1.97
"277","IIyear.MS2_TDR1_ebik0_eq1.csv",3,1,1,0,7,2.68
"278","IIyear.MS2_TDR1_ebik1_eq0.csv",3,1,0,1,1,19.89
"279","IIyear.MS2_TDR1_ebik1_eq0.csv",3,1,0,1,3,52.98
"280","IIyear.MS2_TDR1_ebik1_eq0.csv",3,1,0,1,4,15.58
"281","IIyear.MS2_TDR1_ebik1_eq0.csv",3,1,0,1,5,7.01
"282","IIyear.MS2_TDR1_ebik1_eq0.csv",3,1,0,1,6,1.94
"283","IIyear.MS2_TDR1_ebik1_eq0.csv",3,1,0,1,7,2.6
"284","IIyear.MS2_TDR1_ebik1_eq1.csv",3,1,1,1,1,18.63
"285","IIyear.MS2_TDR1_ebik1_eq1.csv",3,1,1,1,3,47.94
"286","IIyear.MS2_TDR1_ebik1_eq1.csv",3,1,1,1,4,21.68
"287","IIyear.MS2_TDR1_ebik1_eq1.csv",3,1,1,1,5,7.58
"288","IIyear.MS2_TDR1_ebik1_eq1.csv",3,1,1,1,6,2.02
"289","IIyear.MS2_TDR1_ebik1_eq1.csv",3,1,1,1,7,2.15
"290","IIyear.MS32_TDR0.7_ebik0_eq0.csv",33,0.7,0,0,1,19.38
"291","IIyear.MS32_TDR0.7_ebik0_eq0.csv",33,0.7,0,0,3,50.26
"292","IIyear.MS32_TDR0.7_ebik0_eq0.csv",33,0.7,0,0,4,19.86
"293","IIyear.MS32_TDR0.7_ebik0_eq0.csv",33,0.7,0,0,5,6.9
"294","IIyear.MS32_TDR0.7_ebik0_eq0.csv",33,0.7,0,0,6,1.51
"295","IIyear.MS32_TDR0.7_ebik0_eq0.csv",33,0.7,0,0,7,2.09
"296","IIyear.MS32_TDR0.7_ebik0_eq1.csv",33,0.7,1,0,1,16.2
"297","IIyear.MS32_TDR0.7_ebik0_eq1.csv",33,0.7,1,0,3,50.72
"298","IIyear.MS32_TDR0.7_ebik0_eq1.csv",33,0.7,1,0,4,21.84
"299","IIyear.MS32_TDR0.7_ebik0_eq1.csv",33,0.7,1,0,5,7.43
"300","IIyear.MS32_TDR0.7_ebik0_eq1.csv",33,0.7,1,0,6,1.66
"301","IIyear.MS32_TDR0.7_ebik0_eq1.csv",33,0.7,1,0,7,2.15
"302","IIyear.MS32_TDR0.7_ebik1_eq0.csv",33,0.7,0,1,1,15.48
"303","IIyear.MS32_TDR0.7_ebik1_eq0.csv",33,0.7,0,1,3,52.15
"304","IIyear.MS32_TDR0.7_ebik1_eq0.csv",33,0.7,0,1,4,20.94
"305","IIyear.MS32_TDR0.7_ebik1_eq0.csv",33,0.7,0,1,5,7.04
"306","IIyear.MS32_TDR0.7_ebik1_eq0.csv",33,0.7,0,1,6,2.07
"307","IIyear.MS32_TDR0.7_ebik1_eq0.csv",33,0.7,0,1,7,2.33
"308","IIyear.MS32_TDR0.7_ebik1_eq1.csv",33,0.7,1,1,1,15.71
"309","IIyear.MS32_TDR0.7_ebik1_eq1.csv",33,0.7,1,1,3,50.63
"310","IIyear.MS32_TDR0.7_ebik1_eq1.csv",33,0.7,1,1,4,22.45
"311","IIyear.MS32_TDR0.7_ebik1_eq1.csv",33,0.7,1,1,5,7.18
"312","IIyear.MS32_TDR0.7_ebik1_eq1.csv",33,0.7,1,1,6,1.8
"313","IIyear.MS32_TDR0.7_ebik1_eq1.csv",33,0.7,1,1,7,2.24
"314","IIyear.MS32_TDR0.8_ebik0_eq0.csv",33,0.8,0,0,1,20.18
"315","IIyear.MS32_TDR0.8_ebik0_eq0.csv",33,0.8,0,0,3,49.7
"316","IIyear.MS32_TDR0.8_ebik0_eq0.csv",33,0.8,0,0,4,19.93
"317","IIyear.MS32_TDR0.8_ebik0_eq0.csv",33,0.8,0,0,5,6.62
"318","IIyear.MS32_TDR0.8_ebik0_eq0.csv",33,0.8,0,0,6,1.35
"319","IIyear.MS32_TDR0.8_ebik0_eq0.csv",33,0.8,0,0,7,2.21
"320","IIyear.MS32_TDR0.8_ebik0_eq1.csv",33,0.8,1,0,1,15.44
"321","IIyear.MS32_TDR0.8_ebik0_eq1.csv",33,0.8,1,0,3,50.86
"322","IIyear.MS32_TDR0.8_ebik0_eq1.csv",33,0.8,1,0,4,22.39
"323","IIyear.MS32_TDR0.8_ebik0_eq1.csv",33,0.8,1,0,5,7.66
"324","IIyear.MS32_TDR0.8_ebik0_eq1.csv",33,0.8,1,0,6,1.5
"325","IIyear.MS32_TDR0.8_ebik0_eq1.csv",33,0.8,1,0,7,2.15
"326","IIyear.MS32_TDR0.8_ebik1_eq0.csv",33,0.8,0,1,1,15.37
"327","IIyear.MS32_TDR0.8_ebik1_eq0.csv",33,0.8,0,1,3,52.23
"328","IIyear.MS32_TDR0.8_ebik1_eq0.csv",33,0.8,0,1,4,21.16
"329","IIyear.MS32_TDR0.8_ebik1_eq0.csv",33,0.8,0,1,5,7.23
"330","IIyear.MS32_TDR0.8_ebik1_eq0.csv",33,0.8,0,1,6,1.85
"331","IIyear.MS32_TDR0.8_ebik1_eq0.csv",33,0.8,0,1,7,2.16
"332","IIyear.MS32_TDR0.8_ebik1_eq1.csv",33,0.8,1,1,1,15.78
"333","IIyear.MS32_TDR0.8_ebik1_eq1.csv",33,0.8,1,1,3,50.72
"334","IIyear.MS32_TDR0.8_ebik1_eq1.csv",33,0.8,1,1,4,22.18
"335","IIyear.MS32_TDR0.8_ebik1_eq1.csv",33,0.8,1,1,5,7.47
"336","IIyear.MS32_TDR0.8_ebik1_eq1.csv",33,0.8,1,1,6,1.8
"337","IIyear.MS32_TDR0.8_ebik1_eq1.csv",33,0.8,1,1,7,2.06
"338","IIyear.MS32_TDR0.9_ebik0_eq0.csv",33,0.9,0,0,1,20.93
"339","IIyear.MS32_TDR0.9_ebik0_eq0.csv",33,0.9,0,0,3,49.36
"340","IIyear.MS32_TDR0.9_ebik0_eq0.csv",33,0.9,0,0,4,19.63
"341","IIyear.MS32_TDR0.9_ebik0_eq0.csv",33,0.9,0,0,5,6.76
"342","IIyear.MS32_TDR0.9_ebik0_eq0.csv",33,0.9,0,0,6,1.28
"343","IIyear.MS32_TDR0.9_ebik0_eq0.csv",33,0.9,0,0,7,2.04
"344","IIyear.MS32_TDR0.9_ebik0_eq1.csv",33,0.9,1,0,1,16.67
"345","IIyear.MS32_TDR0.9_ebik0_eq1.csv",33,0.9,1,0,3,49.85
"346","IIyear.MS32_TDR0.9_ebik0_eq1.csv",33,0.9,1,0,4,22.05
"347","IIyear.MS32_TDR0.9_ebik0_eq1.csv",33,0.9,1,0,5,7.7
"348","IIyear.MS32_TDR0.9_ebik0_eq1.csv",33,0.9,1,0,6,1.69
"349","IIyear.MS32_TDR0.9_ebik0_eq1.csv",33,0.9,1,0,7,2.05
"350","IIyear.MS32_TDR0.9_ebik1_eq0.csv",33,0.9,0,1,1,16.16
"351","IIyear.MS32_TDR0.9_ebik1_eq0.csv",33,0.9,0,1,3,52.28
"352","IIyear.MS32_TDR0.9_ebik1_eq0.csv",33,0.9,0,1,4,21.01
"353","IIyear.MS32_TDR0.9_ebik1_eq0.csv",33,0.9,0,1,5,6.63
"354","IIyear.MS32_TDR0.9_ebik1_eq0.csv",33,0.9,0,1,6,1.84
"355","IIyear.MS32_TDR0.9_ebik1_eq0.csv",33,0.9,0,1,7,2.07
"356","IIyear.MS32_TDR0.9_ebik1_eq1.csv",33,0.9,1,1,1,15.94
"357","IIyear.MS32_TDR0.9_ebik1_eq1.csv",33,0.9,1,1,3,50.39
"358","IIyear.MS32_TDR0.9_ebik1_eq1.csv",33,0.9,1,1,4,22.34
"359","IIyear.MS32_TDR0.9_ebik1_eq1.csv",33,0.9,1,1,5,7.41
"360","IIyear.MS32_TDR0.9_ebik1_eq1.csv",33,0.9,1,1,6,1.67
"361","IIyear.MS32_TDR0.9_ebik1_eq1.csv",33,0.9,1,1,7,2.24
"362","IIyear.MS32_TDR1_ebik0_eq0.csv",33,1,0,0,1,25.09
"363","IIyear.MS32_TDR1_ebik0_eq0.csv",33,1,0,0,3,46.65
"364","IIyear.MS32_TDR1_ebik0_eq0.csv",33,1,0,0,4,18.33
"365","IIyear.MS32_TDR1_ebik0_eq0.csv",33,1,0,0,5,6.57
"366","IIyear.MS32_TDR1_ebik0_eq0.csv",33,1,0,0,6,1.18
"367","IIyear.MS32_TDR1_ebik0_eq0.csv",33,1,0,0,7,2.17
"368","IIyear.MS32_TDR1_ebik0_eq1.csv",33,1,1,0,1,20.4
"369","IIyear.MS32_TDR1_ebik0_eq1.csv",33,1,1,0,3,48.44
"370","IIyear.MS32_TDR1_ebik0_eq1.csv",33,1,1,0,4,20.78
"371","IIyear.MS32_TDR1_ebik0_eq1.csv",33,1,1,0,5,7.17
"372","IIyear.MS32_TDR1_ebik0_eq1.csv",33,1,1,0,6,1.26
"373","IIyear.MS32_TDR1_ebik0_eq1.csv",33,1,1,0,7,1.95
"374","IIyear.MS32_TDR1_ebik1_eq0.csv",33,1,0,1,1,19.82
"375","IIyear.MS32_TDR1_ebik1_eq0.csv",33,1,0,1,3,49.45
"376","IIyear.MS32_TDR1_ebik1_eq0.csv",33,1,0,1,4,20.19
"377","IIyear.MS32_TDR1_ebik1_eq0.csv",33,1,0,1,5,6.96
"378","IIyear.MS32_TDR1_ebik1_eq0.csv",33,1,0,1,6,1.75
"379","IIyear.MS32_TDR1_ebik1_eq0.csv",33,1,0,1,7,1.83
"380","IIyear.MS32_TDR1_ebik1_eq1.csv",33,1,1,1,1,19.81
"381","IIyear.MS32_TDR1_ebik1_eq1.csv",33,1,1,1,3,48.19
"382","IIyear.MS32_TDR1_ebik1_eq1.csv",33,1,1,1,4,21.13
"383","IIyear.MS32_TDR1_ebik1_eq1.csv",33,1,1,1,5,7.22
"384","IIyear.MS32_TDR1_ebik1_eq1.csv",33,1,1,1,6,1.45
"385","IIyear.MS32_TDR1_ebik1_eq1.csv",33,1,1,1,7,2.19
"386","IIyear.MS4_TDR0.7_ebik0_eq0.csv",5,0.7,0,0,1,18.28
"387","IIyear.MS4_TDR0.7_ebik0_eq0.csv",5,0.7,0,0,3,50.96
"388","IIyear.MS4_TDR0.7_ebik0_eq0.csv",5,0.7,0,0,4,19.28
"389","IIyear.MS4_TDR0.7_ebik0_eq0.csv",5,0.7,0,0,5,7.15
"390","IIyear.MS4_TDR0.7_ebik0_eq0.csv",5,0.7,0,0,6,1.98
"391","IIyear.MS4_TDR0.7_ebik0_eq0.csv",5,0.7,0,0,7,2.34
"392","IIyear.MS4_TDR0.7_ebik0_eq1.csv",5,0.7,1,0,1,16.04
"393","IIyear.MS4_TDR0.7_ebik0_eq1.csv",5,0.7,1,0,3,50.04
"394","IIyear.MS4_TDR0.7_ebik0_eq1.csv",5,0.7,1,0,4,22.82
"395","IIyear.MS4_TDR0.7_ebik0_eq1.csv",5,0.7,1,0,5,6.93
"396","IIyear.MS4_TDR0.7_ebik0_eq1.csv",5,0.7,1,0,6,1.77
"397","IIyear.MS4_TDR0.7_ebik0_eq1.csv",5,0.7,1,0,7,2.4
"398","IIyear.MS4_TDR0.7_ebik1_eq0.csv",5,0.7,0,1,1,15.38
"399","IIyear.MS4_TDR0.7_ebik1_eq0.csv",5,0.7,0,1,3,52.47
"400","IIyear.MS4_TDR0.7_ebik1_eq0.csv",5,0.7,0,1,4,20.63
"401","IIyear.MS4_TDR0.7_ebik1_eq0.csv",5,0.7,0,1,5,6.64
"402","IIyear.MS4_TDR0.7_ebik1_eq0.csv",5,0.7,0,1,6,2.62
"403","IIyear.MS4_TDR0.7_ebik1_eq0.csv",5,0.7,0,1,7,2.26
"404","IIyear.MS4_TDR0.7_ebik1_eq1.csv",5,0.7,1,1,1,15.33
"405","IIyear.MS4_TDR0.7_ebik1_eq1.csv",5,0.7,1,1,3,51.24
"406","IIyear.MS4_TDR0.7_ebik1_eq1.csv",5,0.7,1,1,4,22.66
"407","IIyear.MS4_TDR0.7_ebik1_eq1.csv",5,0.7,1,1,5,6.75
"408","IIyear.MS4_TDR0.7_ebik1_eq1.csv",5,0.7,1,1,6,2.01
"409","IIyear.MS4_TDR0.7_ebik1_eq1.csv",5,0.7,1,1,7,2.02
"410","IIyear.MS4_TDR0.8_ebik0_eq0.csv",5,0.8,0,0,1,19.39
"411","IIyear.MS4_TDR0.8_ebik0_eq0.csv",5,0.8,0,0,3,52.46
"412","IIyear.MS4_TDR0.8_ebik0_eq0.csv",5,0.8,0,0,4,17.81
"413","IIyear.MS4_TDR0.8_ebik0_eq0.csv",5,0.8,0,0,5,6.33
"414","IIyear.MS4_TDR0.8_ebik0_eq0.csv",5,0.8,0,0,6,1.42
"415","IIyear.MS4_TDR0.8_ebik0_eq0.csv",5,0.8,0,0,7,2.59
"416","IIyear.MS4_TDR0.8_ebik0_eq1.csv",5,0.8,1,0,1,15.53
"417","IIyear.MS4_TDR0.8_ebik0_eq1.csv",5,0.8,1,0,3,50.4
"418","IIyear.MS4_TDR0.8_ebik0_eq1.csv",5,0.8,1,0,4,23.24
"419","IIyear.MS4_TDR0.8_ebik0_eq1.csv",5,0.8,1,0,5,6.85
"420","IIyear.MS4_TDR0.8_ebik0_eq1.csv",5,0.8,1,0,6,1.73
"421","IIyear.MS4_TDR0.8_ebik0_eq1.csv",5,0.8,1,0,7,2.25
"422","IIyear.MS4_TDR0.8_ebik1_eq0.csv",5,0.8,0,1,1,14.13
"423","IIyear.MS4_TDR0.8_ebik1_eq0.csv",5,0.8,0,1,3,52.45
"424","IIyear.MS4_TDR0.8_ebik1_eq0.csv",5,0.8,0,1,4,21.81
"425","IIyear.MS4_TDR0.8_ebik1_eq0.csv",5,0.8,0,1,5,6.88
"426","IIyear.MS4_TDR0.8_ebik1_eq0.csv",5,0.8,0,1,6,2.18
"427","IIyear.MS4_TDR0.8_ebik1_eq0.csv",5,0.8,0,1,7,2.54
"428","IIyear.MS4_TDR0.8_ebik1_eq1.csv",5,0.8,1,1,1,15.67
"429","IIyear.MS4_TDR0.8_ebik1_eq1.csv",5,0.8,1,1,3,49.95
"430","IIyear.MS4_TDR0.8_ebik1_eq1.csv",5,0.8,1,1,4,22.79
"431","IIyear.MS4_TDR0.8_ebik1_eq1.csv",5,0.8,1,1,5,7.42
"432","IIyear.MS4_TDR0.8_ebik1_eq1.csv",5,0.8,1,1,6,1.67
"433","IIyear.MS4_TDR0.8_ebik1_eq1.csv",5,0.8,1,1,7,2.5
"434","IIyear.MS4_TDR0.9_ebik0_eq0.csv",5,0.9,0,0,1,19.59
"435","IIyear.MS4_TDR0.9_ebik0_eq0.csv",5,0.9,0,0,3,50.32
"436","IIyear.MS4_TDR0.9_ebik0_eq0.csv",5,0.9,0,0,4,19.33
"437","IIyear.MS4_TDR0.9_ebik0_eq0.csv",5,0.9,0,0,5,6.7
"438","IIyear.MS4_TDR0.9_ebik0_eq0.csv",5,0.9,0,0,6,1.63
"439","IIyear.MS4_TDR0.9_ebik0_eq0.csv",5,0.9,0,0,7,2.43
"440","IIyear.MS4_TDR0.9_ebik0_eq1.csv",5,0.9,1,0,1,16.35
"441","IIyear.MS4_TDR0.9_ebik0_eq1.csv",5,0.9,1,0,3,50.41
"442","IIyear.MS4_TDR0.9_ebik0_eq1.csv",5,0.9,1,0,4,22.35
"443","IIyear.MS4_TDR0.9_ebik0_eq1.csv",5,0.9,1,0,5,6.59
"444","IIyear.MS4_TDR0.9_ebik0_eq1.csv",5,0.9,1,0,6,1.8
"445","IIyear.MS4_TDR0.9_ebik0_eq1.csv",5,0.9,1,0,7,2.49
"446","IIyear.MS4_TDR0.9_ebik1_eq0.csv",5,0.9,0,1,1,16.24
"447","IIyear.MS4_TDR0.9_ebik1_eq0.csv",5,0.9,0,1,3,52.62
"448","IIyear.MS4_TDR0.9_ebik1_eq0.csv",5,0.9,0,1,4,20.25
"449","IIyear.MS4_TDR0.9_ebik1_eq0.csv",5,0.9,0,1,5,6.37
"450","IIyear.MS4_TDR0.9_ebik1_eq0.csv",5,0.9,0,1,6,2.3
"451","IIyear.MS4_TDR0.9_ebik1_eq0.csv",5,0.9,0,1,7,2.22
"452","IIyear.MS4_TDR0.9_ebik1_eq1.csv",5,0.9,1,1,1,16.25
"453","IIyear.MS4_TDR0.9_ebik1_eq1.csv",5,0.9,1,1,3,50.57
"454","IIyear.MS4_TDR0.9_ebik1_eq1.csv",5,0.9,1,1,4,22.32
"455","IIyear.MS4_TDR0.9_ebik1_eq1.csv",5,0.9,1,1,5,6.82
"456","IIyear.MS4_TDR0.9_ebik1_eq1.csv",5,0.9,1,1,6,1.94
"457","IIyear.MS4_TDR0.9_ebik1_eq1.csv",5,0.9,1,1,7,2.09
"458","IIyear.MS4_TDR1_ebik0_eq0.csv",5,1,0,0,1,24.6
"459","IIyear.MS4_TDR1_ebik0_eq0.csv",5,1,0,0,3,48.97
"460","IIyear.MS4_TDR1_ebik0_eq0.csv",5,1,0,0,4,16.31
"461","IIyear.MS4_TDR1_ebik0_eq0.csv",5,1,0,0,5,6.23
"462","IIyear.MS4_TDR1_ebik0_eq0.csv",5,1,0,0,6,1.61
"463","IIyear.MS4_TDR1_ebik0_eq0.csv",5,1,0,0,7,2.28
"464","IIyear.MS4_TDR1_ebik0_eq1.csv",5,1,1,0,1,19.97
"465","IIyear.MS4_TDR1_ebik0_eq1.csv",5,1,1,0,3,48.2
"466","IIyear.MS4_TDR1_ebik0_eq1.csv",5,1,1,0,4,20.94
"467","IIyear.MS4_TDR1_ebik0_eq1.csv",5,1,1,0,5,6.82
"468","IIyear.MS4_TDR1_ebik0_eq1.csv",5,1,1,0,6,1.72
"469","IIyear.MS4_TDR1_ebik0_eq1.csv",5,1,1,0,7,2.35
"470","IIyear.MS4_TDR1_ebik1_eq0.csv",5,1,0,1,1,19.14
"471","IIyear.MS4_TDR1_ebik1_eq0.csv",5,1,0,1,3,50.44
"472","IIyear.MS4_TDR1_ebik1_eq0.csv",5,1,0,1,4,19.68
"473","IIyear.MS4_TDR1_ebik1_eq0.csv",5,1,0,1,5,6.58
"474","IIyear.MS4_TDR1_ebik1_eq0.csv",5,1,0,1,6,2.08
"475","IIyear.MS4_TDR1_ebik1_eq0.csv",5,1,0,1,7,2.08
"476","IIyear.MS4_TDR1_ebik1_eq1.csv",5,1,1,1,1,18.87
"477","IIyear.MS4_TDR1_ebik1_eq1.csv",5,1,1,1,3,49.65
"478","IIyear.MS4_TDR1_ebik1_eq1.csv",5,1,1,1,4,20.87
"479","IIyear.MS4_TDR1_ebik1_eq1.csv",5,1,1,1,5,6.89
"480","IIyear.MS4_TDR1_ebik1_eq1.csv",5,1,1,1,6,1.62
"481","IIyear.MS4_TDR1_ebik1_eq1.csv",5,1,1,1,7,2.1
"482","IIyear.MS64_TDR0.7_ebik0_eq0.csv",65,0.7,0,0,1,20.03
"483","IIyear.MS64_TDR0.7_ebik0_eq0.csv",65,0.7,0,0,3,49.47
"484","IIyear.MS64_TDR0.7_ebik0_eq0.csv",65,0.7,0,0,4,19.98
"485","IIyear.MS64_TDR0.7_ebik0_eq0.csv",65,0.7,0,0,5,7.08
"486","IIyear.MS64_TDR0.7_ebik0_eq0.csv",65,0.7,0,0,6,1.49
"487","IIyear.MS64_TDR0.7_ebik0_eq0.csv",65,0.7,0,0,7,1.95
"488","IIyear.MS64_TDR0.7_ebik0_eq1.csv",65,0.7,1,0,1,15.3
"489","IIyear.MS64_TDR0.7_ebik0_eq1.csv",65,0.7,1,0,3,51.53
"490","IIyear.MS64_TDR0.7_ebik0_eq1.csv",65,0.7,1,0,4,21.48
"491","IIyear.MS64_TDR0.7_ebik0_eq1.csv",65,0.7,1,0,5,7.6
"492","IIyear.MS64_TDR0.7_ebik0_eq1.csv",65,0.7,1,0,6,1.84
"493","IIyear.MS64_TDR0.7_ebik0_eq1.csv",65,0.7,1,0,7,2.24
"494","IIyear.MS64_TDR0.7_ebik1_eq0.csv",65,0.7,0,1,1,15.18
"495","IIyear.MS64_TDR0.7_ebik1_eq0.csv",65,0.7,0,1,3,52.1
"496","IIyear.MS64_TDR0.7_ebik1_eq0.csv",65,0.7,0,1,4,21.53
"497","IIyear.MS64_TDR0.7_ebik1_eq0.csv",65,0.7,0,1,5,7.17
"498","IIyear.MS64_TDR0.7_ebik1_eq0.csv",65,0.7,0,1,6,2.06
"499","IIyear.MS64_TDR0.7_ebik1_eq0.csv",65,0.7,0,1,7,1.96
"500","IIyear.MS64_TDR0.7_ebik1_eq1.csv",65,0.7,1,1,1,15.25
"501","IIyear.MS64_TDR0.7_ebik1_eq1.csv",65,0.7,1,1,3,50.67
"502","IIyear.MS64_TDR0.7_ebik1_eq1.csv",65,0.7,1,1,4,22.18
"503","IIyear.MS64_TDR0.7_ebik1_eq1.csv",65,0.7,1,1,5,7.65
"504","IIyear.MS64_TDR0.7_ebik1_eq1.csv",65,0.7,1,1,6,2.03
"505","IIyear.MS64_TDR0.7_ebik1_eq1.csv",65,0.7,1,1,7,2.22
"506","IIyear.MS64_TDR0.8_ebik0_eq0.csv",65,0.8,0,0,1,19.81
"507","IIyear.MS64_TDR0.8_ebik0_eq0.csv",65,0.8,0,0,3,50.04
"508","IIyear.MS64_TDR0.8_ebik0_eq0.csv",65,0.8,0,0,4,19.28
"509","IIyear.MS64_TDR0.8_ebik0_eq0.csv",65,0.8,0,0,5,7.42
"510","IIyear.MS64_TDR0.8_ebik0_eq0.csv",65,0.8,0,0,6,1.3
"511","IIyear.MS64_TDR0.8_ebik0_eq0.csv",65,0.8,0,0,7,2.14
"512","IIyear.MS64_TDR0.8_ebik0_eq1.csv",65,0.8,1,0,1,16.09
"513","IIyear.MS64_TDR0.8_ebik0_eq1.csv",65,0.8,1,0,3,51.14
"514","IIyear.MS64_TDR0.8_ebik0_eq1.csv",65,0.8,1,0,4,21.65
"515","IIyear.MS64_TDR0.8_ebik0_eq1.csv",65,0.8,1,0,5,7.5
"516","IIyear.MS64_TDR0.8_ebik0_eq1.csv",65,0.8,1,0,6,1.56
"517","IIyear.MS64_TDR0.8_ebik0_eq1.csv",65,0.8,1,0,7,2.06
"518","IIyear.MS64_TDR0.8_ebik1_eq0.csv",65,0.8,0,1,1,15.74
"519","IIyear.MS64_TDR0.8_ebik1_eq0.csv",65,0.8,0,1,3,51.88
"520","IIyear.MS64_TDR0.8_ebik1_eq0.csv",65,0.8,0,1,4,20.91
"521","IIyear.MS64_TDR0.8_ebik1_eq0.csv",65,0.8,0,1,5,7.42
"522","IIyear.MS64_TDR0.8_ebik1_eq0.csv",65,0.8,0,1,6,2.01
"523","IIyear.MS64_TDR0.8_ebik1_eq0.csv",65,0.8,0,1,7,2.04
"524","IIyear.MS64_TDR0.8_ebik1_eq1.csv",65,0.8,1,1,1,15.11
"525","IIyear.MS64_TDR0.8_ebik1_eq1.csv",65,0.8,1,1,3,51.06
"526","IIyear.MS64_TDR0.8_ebik1_eq1.csv",65,0.8,1,1,4,22.04
"527","IIyear.MS64_TDR0.8_ebik1_eq1.csv",65,0.8,1,1,5,7.64
"528","IIyear.MS64_TDR0.8_ebik1_eq1.csv",65,0.8,1,1,6,1.97
"529","IIyear.MS64_TDR0.8_ebik1_eq1.csv",65,0.8,1,1,7,2.19
"530","IIyear.MS64_TDR0.9_ebik0_eq0.csv",65,0.9,0,0,1,21.46
"531","IIyear.MS64_TDR0.9_ebik0_eq0.csv",65,0.9,0,0,3,49.22
"532","IIyear.MS64_TDR0.9_ebik0_eq0.csv",65,0.9,0,0,4,19.15
"533","IIyear.MS64_TDR0.9_ebik0_eq0.csv",65,0.9,0,0,5,6.8
"534","IIyear.MS64_TDR0.9_ebik0_eq0.csv",65,0.9,0,0,6,1.34
"535","IIyear.MS64_TDR0.9_ebik0_eq0.csv",65,0.9,0,0,7,2.03
"536","IIyear.MS64_TDR0.9_ebik0_eq1.csv",65,0.9,1,0,1,16.31
"537","IIyear.MS64_TDR0.9_ebik0_eq1.csv",65,0.9,1,0,3,50.86
"538","IIyear.MS64_TDR0.9_ebik0_eq1.csv",65,0.9,1,0,4,21.43
"539","IIyear.MS64_TDR0.9_ebik0_eq1.csv",65,0.9,1,0,5,7.76
"540","IIyear.MS64_TDR0.9_ebik0_eq1.csv",65,0.9,1,0,6,1.51
"541","IIyear.MS64_TDR0.9_ebik0_eq1.csv",65,0.9,1,0,7,2.12
"542","IIyear.MS64_TDR0.9_ebik1_eq0.csv",65,0.9,0,1,1,16.57
"543","IIyear.MS64_TDR0.9_ebik1_eq0.csv",65,0.9,0,1,3,52.04
"544","IIyear.MS64_TDR0.9_ebik1_eq0.csv",65,0.9,0,1,4,20.55
"545","IIyear.MS64_TDR0.9_ebik1_eq0.csv",65,0.9,0,1,5,7.01
"546","IIyear.MS64_TDR0.9_ebik1_eq0.csv",65,0.9,0,1,6,1.86
"547","IIyear.MS64_TDR0.9_ebik1_eq0.csv",65,0.9,0,1,7,1.97
"548","IIyear.MS64_TDR0.9_ebik1_eq1.csv",65,0.9,1,1,1,15.75
"549","IIyear.MS64_TDR0.9_ebik1_eq1.csv",65,0.9,1,1,3,50.92
"550","IIyear.MS64_TDR0.9_ebik1_eq1.csv",65,0.9,1,1,4,21.98
"551","IIyear.MS64_TDR0.9_ebik1_eq1.csv",65,0.9,1,1,5,7.35
"552","IIyear.MS64_TDR0.9_ebik1_eq1.csv",65,0.9,1,1,6,1.86
"553","IIyear.MS64_TDR0.9_ebik1_eq1.csv",65,0.9,1,1,7,2.14
"554","IIyear.MS64_TDR1_ebik0_eq0.csv",65,1,0,0,1,25.11
"555","IIyear.MS64_TDR1_ebik0_eq0.csv",65,1,0,0,3,47.64
"556","IIyear.MS64_TDR1_ebik0_eq0.csv",65,1,0,0,4,17.57
"557","IIyear.MS64_TDR1_ebik0_eq0.csv",65,1,0,0,5,6.63
"558","IIyear.MS64_TDR1_ebik0_eq0.csv",65,1,0,0,6,0.95
"559","IIyear.MS64_TDR1_ebik0_eq0.csv",65,1,0,0,7,2.1
"560","IIyear.MS64_TDR1_ebik0_eq1.csv",65,1,1,0,1,20.18
"561","IIyear.MS64_TDR1_ebik0_eq1.csv",65,1,1,0,3,48.38
"562","IIyear.MS64_TDR1_ebik0_eq1.csv",65,1,1,0,4,20.69
"563","IIyear.MS64_TDR1_ebik0_eq1.csv",65,1,1,0,5,7.28
"564","IIyear.MS64_TDR1_ebik0_eq1.csv",65,1,1,0,6,1.39
"565","IIyear.MS64_TDR1_ebik0_eq1.csv",65,1,1,0,7,2.08
"566","IIyear.MS64_TDR1_ebik1_eq0.csv",65,1,0,1,1,19.79
"567","IIyear.MS64_TDR1_ebik1_eq0.csv",65,1,0,1,3,49.73
"568","IIyear.MS64_TDR1_ebik1_eq0.csv",65,1,0,1,4,19.65
"569","IIyear.MS64_TDR1_ebik1_eq0.csv",65,1,0,1,5,6.96
"570","IIyear.MS64_TDR1_ebik1_eq0.csv",65,1,0,1,6,1.77
"571","IIyear.MS64_TDR1_ebik1_eq0.csv",65,1,0,1,7,2.11
"572","IIyear.MS64_TDR1_ebik1_eq1.csv",65,1,1,1,1,19.47
"573","IIyear.MS64_TDR1_ebik1_eq1.csv",65,1,1,1,3,48.79
"574","IIyear.MS64_TDR1_ebik1_eq1.csv",65,1,1,1,4,21
"575","IIyear.MS64_TDR1_ebik1_eq1.csv",65,1,1,1,5,7.06
"576","IIyear.MS64_TDR1_ebik1_eq1.csv",65,1,1,1,6,1.61
"577","IIyear.MS64_TDR1_ebik1_eq1.csv",65,1,1,1,7,2.06
"578","IIyear.MS8_TDR0.7_ebik0_eq0.csv",9,0.7,0,0,1,19.9
"579","IIyear.MS8_TDR0.7_ebik0_eq0.csv",9,0.7,0,0,3,50.66
"580","IIyear.MS8_TDR0.7_ebik0_eq0.csv",9,0.7,0,0,4,18.76
"581","IIyear.MS8_TDR0.7_ebik0_eq0.csv",9,0.7,0,0,5,6.84
"582","IIyear.MS8_TDR0.7_ebik0_eq0.csv",9,0.7,0,0,6,1.44
"583","IIyear.MS8_TDR0.7_ebik0_eq0.csv",9,0.7,0,0,7,2.41
"584","IIyear.MS8_TDR0.7_ebik0_eq1.csv",9,0.7,1,0,1,15.87
"585","IIyear.MS8_TDR0.7_ebik0_eq1.csv",9,0.7,1,0,3,50.39
"586","IIyear.MS8_TDR0.7_ebik0_eq1.csv",9,0.7,1,0,4,22.25
"587","IIyear.MS8_TDR0.7_ebik0_eq1.csv",9,0.7,1,0,5,7.33
"588","IIyear.MS8_TDR0.7_ebik0_eq1.csv",9,0.7,1,0,6,1.84
"589","IIyear.MS8_TDR0.7_ebik0_eq1.csv",9,0.7,1,0,7,2.32
"590","IIyear.MS8_TDR0.7_ebik1_eq0.csv",9,0.7,0,1,1,15.7
"591","IIyear.MS8_TDR0.7_ebik1_eq0.csv",9,0.7,0,1,3,52.17
"592","IIyear.MS8_TDR0.7_ebik1_eq0.csv",9,0.7,0,1,4,20.7
"593","IIyear.MS8_TDR0.7_ebik1_eq0.csv",9,0.7,0,1,5,6.6
"594","IIyear.MS8_TDR0.7_ebik1_eq0.csv",9,0.7,0,1,6,2.35
"595","IIyear.MS8_TDR0.7_ebik1_eq0.csv",9,0.7,0,1,7,2.48
"596","IIyear.MS8_TDR0.7_ebik1_eq1.csv",9,0.7,1,1,1,15.3
"597","IIyear.MS8_TDR0.7_ebik1_eq1.csv",9,0.7,1,1,3,50.66
"598","IIyear.MS8_TDR0.7_ebik1_eq1.csv",9,0.7,1,1,4,22.46
"599","IIyear.MS8_TDR0.7_ebik1_eq1.csv",9,0.7,1,1,5,7
"600","IIyear.MS8_TDR0.7_ebik1_eq1.csv",9,0.7,1,1,6,2.13
"601","IIyear.MS8_TDR0.7_ebik1_eq1.csv",9,0.7,1,1,7,2.44
"602","IIyear.MS8_TDR0.8_ebik0_eq0.csv",9,0.8,0,0,1,19.69
"603","IIyear.MS8_TDR0.8_ebik0_eq0.csv",9,0.8,0,0,3,51.13
"604","IIyear.MS8_TDR0.8_ebik0_eq0.csv",9,0.8,0,0,4,18.76
"605","IIyear.MS8_TDR0.8_ebik0_eq0.csv",9,0.8,0,0,5,6.65
"606","IIyear.MS8_TDR0.8_ebik0_eq0.csv",9,0.8,0,0,6,1.55
"607","IIyear.MS8_TDR0.8_ebik0_eq0.csv",9,0.8,0,0,7,2.22
"608","IIyear.MS8_TDR0.8_ebik0_eq1.csv",9,0.8,1,0,1,15.26
"609","IIyear.MS8_TDR0.8_ebik0_eq1.csv",9,0.8,1,0,3,51.24
"610","IIyear.MS8_TDR0.8_ebik0_eq1.csv",9,0.8,1,0,4,22.01
"611","IIyear.MS8_TDR0.8_ebik0_eq1.csv",9,0.8,1,0,5,7.52
"612","IIyear.MS8_TDR0.8_ebik0_eq1.csv",9,0.8,1,0,6,1.79
"613","IIyear.MS8_TDR0.8_ebik0_eq1.csv",9,0.8,1,0,7,2.17
"614","IIyear.MS8_TDR0.8_ebik1_eq0.csv",9,0.8,0,1,1,16
"615","IIyear.MS8_TDR0.8_ebik1_eq0.csv",9,0.8,0,1,3,52.57
"616","IIyear.MS8_TDR0.8_ebik1_eq0.csv",9,0.8,0,1,4,20.54
"617","IIyear.MS8_TDR0.8_ebik1_eq0.csv",9,0.8,0,1,5,6.33
"618","IIyear.MS8_TDR0.8_ebik1_eq0.csv",9,0.8,0,1,6,2.11
"619","IIyear.MS8_TDR0.8_ebik1_eq0.csv",9,0.8,0,1,7,2.45
"620","IIyear.MS8_TDR0.8_ebik1_eq1.csv",9,0.8,1,1,1,16.14
"621","IIyear.MS8_TDR0.8_ebik1_eq1.csv",9,0.8,1,1,3,50.24
"622","IIyear.MS8_TDR0.8_ebik1_eq1.csv",9,0.8,1,1,4,21.95
"623","IIyear.MS8_TDR0.8_ebik1_eq1.csv",9,0.8,1,1,5,7.51
"624","IIyear.MS8_TDR0.8_ebik1_eq1.csv",9,0.8,1,1,6,1.83
"625","IIyear.MS8_TDR0.8_ebik1_eq1.csv",9,0.8,1,1,7,2.33
"626","IIyear.MS8_TDR0.9_ebik0_eq0.csv",9,0.9,0,0,1,21.63
"627","IIyear.MS8_TDR0.9_ebik0_eq0.csv",9,0.9,0,0,3,50.24
"628","IIyear.MS8_TDR0.9_ebik0_eq0.csv",9,0.9,0,0,4,17.77
"629","IIyear.MS8_TDR0.9_ebik0_eq0.csv",9,0.9,0,0,5,6.72
"630","IIyear.MS8_TDR0.9_ebik0_eq0.csv",9,0.9,0,0,6,1.16
"631","IIyear.MS8_TDR0.9_ebik0_eq0.csv",9,0.9,0,0,7,2.48
"632","IIyear.MS8_TDR0.9_ebik0_eq1.csv",9,0.9,1,0,1,17.24
"633","IIyear.MS8_TDR0.9_ebik0_eq1.csv",9,0.9,1,0,3,49.36
"634","IIyear.MS8_TDR0.9_ebik0_eq1.csv",9,0.9,1,0,4,22.27
"635","IIyear.MS8_TDR0.9_ebik0_eq1.csv",9,0.9,1,0,5,7.26
"636","IIyear.MS8_TDR0.9_ebik0_eq1.csv",9,0.9,1,0,6,1.62
"637","IIyear.MS8_TDR0.9_ebik0_eq1.csv",9,0.9,1,0,7,2.24
"638","IIyear.MS8_TDR0.9_ebik1_eq0.csv",9,0.9,0,1,1,16.15
"639","IIyear.MS8_TDR0.9_ebik1_eq0.csv",9,0.9,0,1,3,52.5
"640","IIyear.MS8_TDR0.9_ebik1_eq0.csv",9,0.9,0,1,4,20.51
"641","IIyear.MS8_TDR0.9_ebik1_eq0.csv",9,0.9,0,1,5,6.55
"642","IIyear.MS8_TDR0.9_ebik1_eq0.csv",9,0.9,0,1,6,1.96
"643","IIyear.MS8_TDR0.9_ebik1_eq0.csv",9,0.9,0,1,7,2.32
"644","IIyear.MS8_TDR0.9_ebik1_eq1.csv",9,0.9,1,1,1,16.88
"645","IIyear.MS8_TDR0.9_ebik1_eq1.csv",9,0.9,1,1,3,50.29
"646","IIyear.MS8_TDR0.9_ebik1_eq1.csv",9,0.9,1,1,4,21.15
"647","IIyear.MS8_TDR0.9_ebik1_eq1.csv",9,0.9,1,1,5,7.44
"648","IIyear.MS8_TDR0.9_ebik1_eq1.csv",9,0.9,1,1,6,1.89
"649","IIyear.MS8_TDR0.9_ebik1_eq1.csv",9,0.9,1,1,7,2.36
"650","IIyear.MS8_TDR1_ebik0_eq0.csv",9,1,0,0,1,25.2
"651","IIyear.MS8_TDR1_ebik0_eq0.csv",9,1,0,0,3,47.88
"652","IIyear.MS8_TDR1_ebik0_eq0.csv",9,1,0,0,4,17.44
"653","IIyear.MS8_TDR1_ebik0_eq0.csv",9,1,0,0,5,5.95
"654","IIyear.MS8_TDR1_ebik0_eq0.csv",9,1,0,0,6,1.3
"655","IIyear.MS8_TDR1_ebik0_eq0.csv",9,1,0,0,7,2.22
"656","IIyear.MS8_TDR1_ebik0_eq1.csv",9,1,1,0,1,20.2
"657","IIyear.MS8_TDR1_ebik0_eq1.csv",9,1,1,0,3,48.49
"658","IIyear.MS8_TDR1_ebik0_eq1.csv",9,1,1,0,4,20.72
"659","IIyear.MS8_TDR1_ebik0_eq1.csv",9,1,1,0,5,6.91
"660","IIyear.MS8_TDR1_ebik0_eq1.csv",9,1,1,0,6,1.19
"661","IIyear.MS8_TDR1_ebik0_eq1.csv",9,1,1,0,7,2.48
"662","IIyear.MS8_TDR1_ebik1_eq0.csv",9,1,0,1,1,20.03
"663","IIyear.MS8_TDR1_ebik1_eq0.csv",9,1,0,1,3,51.02
"664","IIyear.MS8_TDR1_ebik1_eq0.csv",9,1,0,1,4,19.51
"665","IIyear.MS8_TDR1_ebik1_eq0.csv",9,1,0,1,5,5.71
"666","IIyear.MS8_TDR1_ebik1_eq0.csv",9,1,0,1,6,1.8
"667","IIyear.MS8_TDR1_ebik1_eq0.csv",9,1,0,1,7,1.92
"668","IIyear.MS8_TDR1_ebik1_eq1.csv",9,1,1,1,1,19.1
"669","IIyear.MS8_TDR1_ebik1_eq1.csv",9,1,1,1,3,48.29
"670","IIyear.MS8_TDR1_ebik1_eq1.csv",9,1,1,1,4,21.09
"671","IIyear.MS8_TDR1_ebik1_eq1.csv",9,1,1,1,5,7.33
"672","IIyear.MS8_TDR1_ebik1_eq1.csv",9,1,1,1,6,1.76
"673","IIyear.MS8_TDR1_ebik1_eq1.csv",9,1,1,1,7,2.43
