"","fname","MS","TDR","equity","ebike","timeband","cases"
"1","baseline.csv",1,1,0,0,4,100
"2","IIyear.MS1_TDR0.7_ebik0_eq0.csv",2,0.7,0,0,0,30.36
"3","IIyear.MS1_TDR0.7_ebik0_eq0.csv",2,0.7,0,0,1,11.22
"4","IIyear.MS1_TDR0.7_ebik0_eq0.csv",2,0.7,0,0,2,12.5
"5","IIyear.MS1_TDR0.7_ebik0_eq0.csv",2,0.7,0,0,3,1.91
"6","IIyear.MS1_TDR0.7_ebik0_eq0.csv",2,0.7,0,0,4,6.76
"7","IIyear.MS1_TDR0.7_ebik0_eq0.csv",2,0.7,0,0,5,11.48
"8","IIyear.MS1_TDR0.7_ebik0_eq0.csv",2,0.7,0,0,6,5.87
"9","IIyear.MS1_TDR0.7_ebik0_eq0.csv",2,0.7,0,0,7,12.37
"10","IIyear.MS1_TDR0.7_ebik0_eq0.csv",2,0.7,0,0,8,7.53
"11","IIyear.MS1_TDR0.7_ebik0_eq1.csv",2,0.7,1,0,0,26.75
"12","IIyear.MS1_TDR0.7_ebik0_eq1.csv",2,0.7,1,0,1,10.53
"13","IIyear.MS1_TDR0.7_ebik0_eq1.csv",2,0.7,1,0,2,11.54
"14","IIyear.MS1_TDR0.7_ebik0_eq1.csv",2,0.7,1,0,3,1.66
"15","IIyear.MS1_TDR0.7_ebik0_eq1.csv",2,0.7,1,0,4,8.15
"16","IIyear.MS1_TDR0.7_ebik0_eq1.csv",2,0.7,1,0,5,9.88
"17","IIyear.MS1_TDR0.7_ebik0_eq1.csv",2,0.7,1,0,6,8.07
"18","IIyear.MS1_TDR0.7_ebik0_eq1.csv",2,0.7,1,0,7,14.28
"19","IIyear.MS1_TDR0.7_ebik0_eq1.csv",2,0.7,1,0,8,9.16
"20","IIyear.MS1_TDR0.7_ebik1_eq0.csv",2,0.7,0,1,0,29.94
"21","IIyear.MS1_TDR0.7_ebik1_eq0.csv",2,0.7,0,1,1,8.07
"22","IIyear.MS1_TDR0.7_ebik1_eq0.csv",2,0.7,0,1,2,16.8
"23","IIyear.MS1_TDR0.7_ebik1_eq0.csv",2,0.7,0,1,3,4.09
"24","IIyear.MS1_TDR0.7_ebik1_eq0.csv",2,0.7,0,1,4,5.97
"25","IIyear.MS1_TDR0.7_ebik1_eq0.csv",2,0.7,0,1,5,12.38
"26","IIyear.MS1_TDR0.7_ebik1_eq0.csv",2,0.7,0,1,6,4.97
"27","IIyear.MS1_TDR0.7_ebik1_eq0.csv",2,0.7,0,1,7,12.04
"28","IIyear.MS1_TDR0.7_ebik1_eq0.csv",2,0.7,0,1,8,5.75
"29","IIyear.MS1_TDR0.7_ebik1_eq1.csv",2,0.7,1,1,0,28.02
"30","IIyear.MS1_TDR0.7_ebik1_eq1.csv",2,0.7,1,1,1,9.39
"31","IIyear.MS1_TDR0.7_ebik1_eq1.csv",2,0.7,1,1,2,14.35
"32","IIyear.MS1_TDR0.7_ebik1_eq1.csv",2,0.7,1,1,3,4
"33","IIyear.MS1_TDR0.7_ebik1_eq1.csv",2,0.7,1,1,4,8.14
"34","IIyear.MS1_TDR0.7_ebik1_eq1.csv",2,0.7,1,1,5,11.73
"35","IIyear.MS1_TDR0.7_ebik1_eq1.csv",2,0.7,1,1,6,7.59
"36","IIyear.MS1_TDR0.7_ebik1_eq1.csv",2,0.7,1,1,7,9.8
"37","IIyear.MS1_TDR0.7_ebik1_eq1.csv",2,0.7,1,1,8,6.97
"38","IIyear.MS1_TDR0.8_ebik0_eq0.csv",2,0.8,0,0,0,25.93
"39","IIyear.MS1_TDR0.8_ebik0_eq0.csv",2,0.8,0,0,1,10.91
"40","IIyear.MS1_TDR0.8_ebik0_eq0.csv",2,0.8,0,0,2,7.32
"41","IIyear.MS1_TDR0.8_ebik0_eq0.csv",2,0.8,0,0,3,8.73
"42","IIyear.MS1_TDR0.8_ebik0_eq0.csv",2,0.8,0,0,4,5.39
"43","IIyear.MS1_TDR0.8_ebik0_eq0.csv",2,0.8,0,0,5,9.37
"44","IIyear.MS1_TDR0.8_ebik0_eq0.csv",2,0.8,0,0,6,7.19
"45","IIyear.MS1_TDR0.8_ebik0_eq0.csv",2,0.8,0,0,7,16.3
"46","IIyear.MS1_TDR0.8_ebik0_eq0.csv",2,0.8,0,0,8,8.86
"47","IIyear.MS1_TDR0.8_ebik0_eq1.csv",2,0.8,1,0,0,22.45
"48","IIyear.MS1_TDR0.8_ebik0_eq1.csv",2,0.8,1,0,1,10.35
"49","IIyear.MS1_TDR0.8_ebik0_eq1.csv",2,0.8,1,0,2,6.73
"50","IIyear.MS1_TDR0.8_ebik0_eq1.csv",2,0.8,1,0,3,7.89
"51","IIyear.MS1_TDR0.8_ebik0_eq1.csv",2,0.8,1,0,4,4.06
"52","IIyear.MS1_TDR0.8_ebik0_eq1.csv",2,0.8,1,0,5,11.51
"53","IIyear.MS1_TDR0.8_ebik0_eq1.csv",2,0.8,1,0,6,7.17
"54","IIyear.MS1_TDR0.8_ebik0_eq1.csv",2,0.8,1,0,7,17.02
"55","IIyear.MS1_TDR0.8_ebik0_eq1.csv",2,0.8,1,0,8,12.82
"56","IIyear.MS1_TDR0.8_ebik1_eq0.csv",2,0.8,0,1,0,24.8
"57","IIyear.MS1_TDR0.8_ebik1_eq0.csv",2,0.8,0,1,1,10.35
"58","IIyear.MS1_TDR0.8_ebik1_eq0.csv",2,0.8,0,1,2,11.17
"59","IIyear.MS1_TDR0.8_ebik1_eq0.csv",2,0.8,0,1,3,4.61
"60","IIyear.MS1_TDR0.8_ebik1_eq0.csv",2,0.8,0,1,4,6.05
"61","IIyear.MS1_TDR0.8_ebik1_eq0.csv",2,0.8,0,1,5,11.37
"62","IIyear.MS1_TDR0.8_ebik1_eq0.csv",2,0.8,0,1,6,6.35
"63","IIyear.MS1_TDR0.8_ebik1_eq0.csv",2,0.8,0,1,7,13.83
"64","IIyear.MS1_TDR0.8_ebik1_eq0.csv",2,0.8,0,1,8,11.48
"65","IIyear.MS1_TDR0.8_ebik1_eq1.csv",2,0.8,1,1,0,27.17
"66","IIyear.MS1_TDR0.8_ebik1_eq1.csv",2,0.8,1,1,1,8.9
"67","IIyear.MS1_TDR0.8_ebik1_eq1.csv",2,0.8,1,1,2,13.55
"68","IIyear.MS1_TDR0.8_ebik1_eq1.csv",2,0.8,1,1,3,3.82
"69","IIyear.MS1_TDR0.8_ebik1_eq1.csv",2,0.8,1,1,4,5.63
"70","IIyear.MS1_TDR0.8_ebik1_eq1.csv",2,0.8,1,1,5,12.44
"71","IIyear.MS1_TDR0.8_ebik1_eq1.csv",2,0.8,1,1,6,7.23
"72","IIyear.MS1_TDR0.8_ebik1_eq1.csv",2,0.8,1,1,7,12.65
"73","IIyear.MS1_TDR0.8_ebik1_eq1.csv",2,0.8,1,1,8,8.62
"74","IIyear.MS1_TDR0.9_ebik0_eq0.csv",2,0.9,0,0,0,23.82
"75","IIyear.MS1_TDR0.9_ebik0_eq0.csv",2,0.9,0,0,1,10.8
"76","IIyear.MS1_TDR0.9_ebik0_eq0.csv",2,0.9,0,0,2,9.17
"77","IIyear.MS1_TDR0.9_ebik0_eq0.csv",2,0.9,0,0,3,1.33
"78","IIyear.MS1_TDR0.9_ebik0_eq0.csv",2,0.9,0,0,4,8.73
"79","IIyear.MS1_TDR0.9_ebik0_eq0.csv",2,0.9,0,0,5,8.73
"80","IIyear.MS1_TDR0.9_ebik0_eq0.csv",2,0.9,0,0,6,7.99
"81","IIyear.MS1_TDR0.9_ebik0_eq0.csv",2,0.9,0,0,7,13.31
"82","IIyear.MS1_TDR0.9_ebik0_eq0.csv",2,0.9,0,0,8,16.12
"83","IIyear.MS1_TDR0.9_ebik0_eq1.csv",2,0.9,1,0,0,20.67
"84","IIyear.MS1_TDR0.9_ebik0_eq1.csv",2,0.9,1,0,1,8.33
"85","IIyear.MS1_TDR0.9_ebik0_eq1.csv",2,0.9,1,0,2,8.92
"86","IIyear.MS1_TDR0.9_ebik0_eq1.csv",2,0.9,1,0,3,1.34
"87","IIyear.MS1_TDR0.9_ebik0_eq1.csv",2,0.9,1,0,4,8.55
"88","IIyear.MS1_TDR0.9_ebik0_eq1.csv",2,0.9,1,0,5,7.21
"89","IIyear.MS1_TDR0.9_ebik0_eq1.csv",2,0.9,1,0,6,11.23
"90","IIyear.MS1_TDR0.9_ebik0_eq1.csv",2,0.9,1,0,7,14.05
"91","IIyear.MS1_TDR0.9_ebik0_eq1.csv",2,0.9,1,0,8,19.7
"92","IIyear.MS1_TDR0.9_ebik1_eq0.csv",2,0.9,0,1,0,23.06
"93","IIyear.MS1_TDR0.9_ebik1_eq0.csv",2,0.9,0,1,1,10.24
"94","IIyear.MS1_TDR0.9_ebik1_eq0.csv",2,0.9,0,1,2,5.6
"95","IIyear.MS1_TDR0.9_ebik1_eq0.csv",2,0.9,0,1,3,7.76
"96","IIyear.MS1_TDR0.9_ebik1_eq0.csv",2,0.9,0,1,4,6.68
"97","IIyear.MS1_TDR0.9_ebik1_eq0.csv",2,0.9,0,1,5,9.48
"98","IIyear.MS1_TDR0.9_ebik1_eq0.csv",2,0.9,0,1,6,9.05
"99","IIyear.MS1_TDR0.9_ebik1_eq0.csv",2,0.9,0,1,7,14.76
"100","IIyear.MS1_TDR0.9_ebik1_eq0.csv",2,0.9,0,1,8,13.36
"101","IIyear.MS1_TDR0.9_ebik1_eq1.csv",2,0.9,1,1,0,23.27
"102","IIyear.MS1_TDR0.9_ebik1_eq1.csv",2,0.9,1,1,1,9.8
"103","IIyear.MS1_TDR0.9_ebik1_eq1.csv",2,0.9,1,1,2,7.83
"104","IIyear.MS1_TDR0.9_ebik1_eq1.csv",2,0.9,1,1,3,7.9
"105","IIyear.MS1_TDR0.9_ebik1_eq1.csv",2,0.9,1,1,4,5.64
"106","IIyear.MS1_TDR0.9_ebik1_eq1.csv",2,0.9,1,1,5,9.8
"107","IIyear.MS1_TDR0.9_ebik1_eq1.csv",2,0.9,1,1,6,8.82
"108","IIyear.MS1_TDR0.9_ebik1_eq1.csv",2,0.9,1,1,7,14.88
"109","IIyear.MS1_TDR0.9_ebik1_eq1.csv",2,0.9,1,1,8,12.06
"110","IIyear.MS1_TDR1_ebik0_eq0.csv",2,1,0,0,0,28.44
"111","IIyear.MS1_TDR1_ebik0_eq0.csv",2,1,0,0,1,11.05
"112","IIyear.MS1_TDR1_ebik0_eq0.csv",2,1,0,0,2,7.01
"113","IIyear.MS1_TDR1_ebik0_eq0.csv",2,1,0,0,3,1.35
"114","IIyear.MS1_TDR1_ebik0_eq0.csv",2,1,0,0,4,2.96
"115","IIyear.MS1_TDR1_ebik0_eq0.csv",2,1,0,0,5,13.48
"116","IIyear.MS1_TDR1_ebik0_eq0.csv",2,1,0,0,6,4.18
"117","IIyear.MS1_TDR1_ebik0_eq0.csv",2,1,0,0,7,15.77
"118","IIyear.MS1_TDR1_ebik0_eq0.csv",2,1,0,0,8,15.77
"119","IIyear.MS1_TDR1_ebik0_eq1.csv",2,1,1,0,0,22.04
"120","IIyear.MS1_TDR1_ebik0_eq1.csv",2,1,1,0,1,8.4
"121","IIyear.MS1_TDR1_ebik0_eq1.csv",2,1,1,0,2,7.51
"122","IIyear.MS1_TDR1_ebik0_eq1.csv",2,1,1,0,3,2.07
"123","IIyear.MS1_TDR1_ebik0_eq1.csv",2,1,1,0,4,3.1
"124","IIyear.MS1_TDR1_ebik0_eq1.csv",2,1,1,0,5,11.36
"125","IIyear.MS1_TDR1_ebik0_eq1.csv",2,1,1,0,6,5.92
"126","IIyear.MS1_TDR1_ebik0_eq1.csv",2,1,1,0,7,17.08
"127","IIyear.MS1_TDR1_ebik0_eq1.csv",2,1,1,0,8,22.52
"128","IIyear.MS1_TDR1_ebik1_eq0.csv",2,1,0,1,0,23.9
"129","IIyear.MS1_TDR1_ebik1_eq0.csv",2,1,0,1,1,11.18
"130","IIyear.MS1_TDR1_ebik1_eq0.csv",2,1,0,1,2,6.56
"131","IIyear.MS1_TDR1_ebik1_eq0.csv",2,1,0,1,3,0.82
"132","IIyear.MS1_TDR1_ebik1_eq0.csv",2,1,0,1,4,8.31
"133","IIyear.MS1_TDR1_ebik1_eq0.csv",2,1,0,1,5,6.67
"134","IIyear.MS1_TDR1_ebik1_eq0.csv",2,1,0,1,6,8.31
"135","IIyear.MS1_TDR1_ebik1_eq0.csv",2,1,0,1,7,16.51
"136","IIyear.MS1_TDR1_ebik1_eq0.csv",2,1,0,1,8,17.74
"137","IIyear.MS1_TDR1_ebik1_eq1.csv",2,1,1,1,0,23.82
"138","IIyear.MS1_TDR1_ebik1_eq1.csv",2,1,1,1,1,11.14
"139","IIyear.MS1_TDR1_ebik1_eq1.csv",2,1,1,1,2,6.69
"140","IIyear.MS1_TDR1_ebik1_eq1.csv",2,1,1,1,3,1.67
"141","IIyear.MS1_TDR1_ebik1_eq1.csv",2,1,1,1,4,10.45
"142","IIyear.MS1_TDR1_ebik1_eq1.csv",2,1,1,1,5,5.78
"143","IIyear.MS1_TDR1_ebik1_eq1.csv",2,1,1,1,6,8.57
"144","IIyear.MS1_TDR1_ebik1_eq1.csv",2,1,1,1,7,14.83
"145","IIyear.MS1_TDR1_ebik1_eq1.csv",2,1,1,1,8,17.06
"146","IIyear.MS16_TDR0.7_ebik0_eq0.csv",17,0.7,0,0,0,29.98
"147","IIyear.MS16_TDR0.7_ebik0_eq0.csv",17,0.7,0,0,1,10.64
"148","IIyear.MS16_TDR0.7_ebik0_eq0.csv",17,0.7,0,0,2,15.28
"149","IIyear.MS16_TDR0.7_ebik0_eq0.csv",17,0.7,0,0,3,1.25
"150","IIyear.MS16_TDR0.7_ebik0_eq0.csv",17,0.7,0,0,4,7.31
"151","IIyear.MS16_TDR0.7_ebik0_eq0.csv",17,0.7,0,0,5,9.92
"152","IIyear.MS16_TDR0.7_ebik0_eq0.csv",17,0.7,0,0,6,6.33
"153","IIyear.MS16_TDR0.7_ebik0_eq0.csv",17,0.7,0,0,7,11.73
"154","IIyear.MS16_TDR0.7_ebik0_eq0.csv",17,0.7,0,0,8,7.56
"155","IIyear.MS16_TDR0.7_ebik0_eq1.csv",17,0.7,1,0,0,25.11
"156","IIyear.MS16_TDR0.7_ebik0_eq1.csv",17,0.7,1,0,1,10.46
"157","IIyear.MS16_TDR0.7_ebik0_eq1.csv",17,0.7,1,0,2,13.95
"158","IIyear.MS16_TDR0.7_ebik0_eq1.csv",17,0.7,1,0,3,1.45
"159","IIyear.MS16_TDR0.7_ebik0_eq1.csv",17,0.7,1,0,4,7.56
"160","IIyear.MS16_TDR0.7_ebik0_eq1.csv",17,0.7,1,0,5,10.46
"161","IIyear.MS16_TDR0.7_ebik0_eq1.csv",17,0.7,1,0,6,7.11
"162","IIyear.MS16_TDR0.7_ebik0_eq1.csv",17,0.7,1,0,7,13.58
"163","IIyear.MS16_TDR0.7_ebik0_eq1.csv",17,0.7,1,0,8,10.32
"164","IIyear.MS16_TDR0.7_ebik1_eq0.csv",17,0.7,0,1,0,28.72
"165","IIyear.MS16_TDR0.7_ebik1_eq0.csv",17,0.7,0,1,1,9.32
"166","IIyear.MS16_TDR0.7_ebik1_eq0.csv",17,0.7,0,1,2,16.58
"167","IIyear.MS16_TDR0.7_ebik1_eq0.csv",17,0.7,0,1,3,3.1
"168","IIyear.MS16_TDR0.7_ebik1_eq0.csv",17,0.7,0,1,4,6.5
"169","IIyear.MS16_TDR0.7_ebik1_eq0.csv",17,0.7,0,1,5,11.87
"170","IIyear.MS16_TDR0.7_ebik1_eq0.csv",17,0.7,0,1,6,6.73
"171","IIyear.MS16_TDR0.7_ebik1_eq0.csv",17,0.7,0,1,7,10.89
"172","IIyear.MS16_TDR0.7_ebik1_eq0.csv",17,0.7,0,1,8,6.28
"173","IIyear.MS16_TDR0.7_ebik1_eq1.csv",17,0.7,1,1,0,28.3
"174","IIyear.MS16_TDR0.7_ebik1_eq1.csv",17,0.7,1,1,1,9.99
"175","IIyear.MS16_TDR0.7_ebik1_eq1.csv",17,0.7,1,1,2,16.16
"176","IIyear.MS16_TDR0.7_ebik1_eq1.csv",17,0.7,1,1,3,3.44
"177","IIyear.MS16_TDR0.7_ebik1_eq1.csv",17,0.7,1,1,4,6.92
"178","IIyear.MS16_TDR0.7_ebik1_eq1.csv",17,0.7,1,1,5,11.36
"179","IIyear.MS16_TDR0.7_ebik1_eq1.csv",17,0.7,1,1,6,6.75
"180","IIyear.MS16_TDR0.7_ebik1_eq1.csv",17,0.7,1,1,7,10.61
"181","IIyear.MS16_TDR0.7_ebik1_eq1.csv",17,0.7,1,1,8,6.46
"182","IIyear.MS16_TDR0.8_ebik0_eq0.csv",17,0.8,0,0,0,27.87
"183","IIyear.MS16_TDR0.8_ebik0_eq0.csv",17,0.8,0,0,1,9.21
"184","IIyear.MS16_TDR0.8_ebik0_eq0.csv",17,0.8,0,0,2,7.19
"185","IIyear.MS16_TDR0.8_ebik0_eq0.csv",17,0.8,0,0,3,9.37
"186","IIyear.MS16_TDR0.8_ebik0_eq0.csv",17,0.8,0,0,4,5.74
"187","IIyear.MS16_TDR0.8_ebik0_eq0.csv",17,0.8,0,0,5,10.21
"188","IIyear.MS16_TDR0.8_ebik0_eq0.csv",17,0.8,0,0,6,7.15
"189","IIyear.MS16_TDR0.8_ebik0_eq0.csv",17,0.8,0,0,7,14.1
"190","IIyear.MS16_TDR0.8_ebik0_eq0.csv",17,0.8,0,0,8,9.16
"191","IIyear.MS16_TDR0.8_ebik0_eq1.csv",17,0.8,1,0,0,22.77
"192","IIyear.MS16_TDR0.8_ebik0_eq1.csv",17,0.8,1,0,1,8.97
"193","IIyear.MS16_TDR0.8_ebik0_eq1.csv",17,0.8,1,0,2,7.7
"194","IIyear.MS16_TDR0.8_ebik0_eq1.csv",17,0.8,1,0,3,8.4
"195","IIyear.MS16_TDR0.8_ebik0_eq1.csv",17,0.8,1,0,4,5.06
"196","IIyear.MS16_TDR0.8_ebik0_eq1.csv",17,0.8,1,0,5,10.65
"197","IIyear.MS16_TDR0.8_ebik0_eq1.csv",17,0.8,1,0,6,7.33
"198","IIyear.MS16_TDR0.8_ebik0_eq1.csv",17,0.8,1,0,7,16.11
"199","IIyear.MS16_TDR0.8_ebik0_eq1.csv",17,0.8,1,0,8,13.03
"200","IIyear.MS16_TDR0.8_ebik1_eq0.csv",17,0.8,0,1,0,25.09
"201","IIyear.MS16_TDR0.8_ebik1_eq0.csv",17,0.8,0,1,1,10.03
"202","IIyear.MS16_TDR0.8_ebik1_eq0.csv",17,0.8,0,1,2,15.02
"203","IIyear.MS16_TDR0.8_ebik1_eq0.csv",17,0.8,0,1,3,3
"204","IIyear.MS16_TDR0.8_ebik1_eq0.csv",17,0.8,0,1,4,5.58
"205","IIyear.MS16_TDR0.8_ebik1_eq0.csv",17,0.8,0,1,5,11.26
"206","IIyear.MS16_TDR0.8_ebik1_eq0.csv",17,0.8,0,1,6,7.47
"207","IIyear.MS16_TDR0.8_ebik1_eq0.csv",17,0.8,0,1,7,12.68
"208","IIyear.MS16_TDR0.8_ebik1_eq0.csv",17,0.8,0,1,8,9.87
"209","IIyear.MS16_TDR0.8_ebik1_eq1.csv",17,0.8,1,1,0,26.28
"210","IIyear.MS16_TDR0.8_ebik1_eq1.csv",17,0.8,1,1,1,9.83
"211","IIyear.MS16_TDR0.8_ebik1_eq1.csv",17,0.8,1,1,2,14.41
"212","IIyear.MS16_TDR0.8_ebik1_eq1.csv",17,0.8,1,1,3,3.06
"213","IIyear.MS16_TDR0.8_ebik1_eq1.csv",17,0.8,1,1,4,5.57
"214","IIyear.MS16_TDR0.8_ebik1_eq1.csv",17,0.8,1,1,5,11.42
"215","IIyear.MS16_TDR0.8_ebik1_eq1.csv",17,0.8,1,1,6,7.16
"216","IIyear.MS16_TDR0.8_ebik1_eq1.csv",17,0.8,1,1,7,12.37
"217","IIyear.MS16_TDR0.8_ebik1_eq1.csv",17,0.8,1,1,8,9.9
"218","IIyear.MS16_TDR0.9_ebik0_eq0.csv",17,0.9,0,0,0,26.11
"219","IIyear.MS16_TDR0.9_ebik0_eq0.csv",17,0.9,0,0,1,7.96
"220","IIyear.MS16_TDR0.9_ebik0_eq0.csv",17,0.9,0,0,2,8.43
"221","IIyear.MS16_TDR0.9_ebik0_eq0.csv",17,0.9,0,0,3,1.38
"222","IIyear.MS16_TDR0.9_ebik0_eq0.csv",17,0.9,0,0,4,9.73
"223","IIyear.MS16_TDR0.9_ebik0_eq0.csv",17,0.9,0,0,5,8.63
"224","IIyear.MS16_TDR0.9_ebik0_eq0.csv",17,0.9,0,0,6,8.19
"225","IIyear.MS16_TDR0.9_ebik0_eq0.csv",17,0.9,0,0,7,13.91
"226","IIyear.MS16_TDR0.9_ebik0_eq0.csv",17,0.9,0,0,8,15.66
"227","IIyear.MS16_TDR0.9_ebik0_eq1.csv",17,0.9,1,0,0,21.53
"228","IIyear.MS16_TDR0.9_ebik0_eq1.csv",17,0.9,1,0,1,7.74
"229","IIyear.MS16_TDR0.9_ebik0_eq1.csv",17,0.9,1,0,2,8.83
"230","IIyear.MS16_TDR0.9_ebik0_eq1.csv",17,0.9,1,0,3,1.71
"231","IIyear.MS16_TDR0.9_ebik0_eq1.csv",17,0.9,1,0,4,8.53
"232","IIyear.MS16_TDR0.9_ebik0_eq1.csv",17,0.9,1,0,5,7.47
"233","IIyear.MS16_TDR0.9_ebik0_eq1.csv",17,0.9,1,0,6,9.36
"234","IIyear.MS16_TDR0.9_ebik0_eq1.csv",17,0.9,1,0,7,14.69
"235","IIyear.MS16_TDR0.9_ebik0_eq1.csv",17,0.9,1,0,8,20.14
"236","IIyear.MS16_TDR0.9_ebik1_eq0.csv",17,0.9,0,1,0,23.57
"237","IIyear.MS16_TDR0.9_ebik1_eq0.csv",17,0.9,0,1,1,8.55
"238","IIyear.MS16_TDR0.9_ebik1_eq0.csv",17,0.9,0,1,2,7.51
"239","IIyear.MS16_TDR0.9_ebik1_eq0.csv",17,0.9,0,1,3,8.36
"240","IIyear.MS16_TDR0.9_ebik1_eq0.csv",17,0.9,0,1,4,6.97
"241","IIyear.MS16_TDR0.9_ebik1_eq0.csv",17,0.9,0,1,5,8.55
"242","IIyear.MS16_TDR0.9_ebik1_eq0.csv",17,0.9,0,1,6,8.43
"243","IIyear.MS16_TDR0.9_ebik1_eq0.csv",17,0.9,0,1,7,14.85
"244","IIyear.MS16_TDR0.9_ebik1_eq0.csv",17,0.9,0,1,8,13.21
"245","IIyear.MS16_TDR0.9_ebik1_eq1.csv",17,0.9,1,1,0,23.33
"246","IIyear.MS16_TDR0.9_ebik1_eq1.csv",17,0.9,1,1,1,9.09
"247","IIyear.MS16_TDR0.9_ebik1_eq1.csv",17,0.9,1,1,2,7.99
"248","IIyear.MS16_TDR0.9_ebik1_eq1.csv",17,0.9,1,1,3,7.93
"249","IIyear.MS16_TDR0.9_ebik1_eq1.csv",17,0.9,1,1,4,6.55
"250","IIyear.MS16_TDR0.9_ebik1_eq1.csv",17,0.9,1,1,5,8.43
"251","IIyear.MS16_TDR0.9_ebik1_eq1.csv",17,0.9,1,1,6,8.82
"252","IIyear.MS16_TDR0.9_ebik1_eq1.csv",17,0.9,1,1,7,14.45
"253","IIyear.MS16_TDR0.9_ebik1_eq1.csv",17,0.9,1,1,8,13.42
"254","IIyear.MS16_TDR1_ebik0_eq0.csv",17,1,0,0,0,27.73
"255","IIyear.MS16_TDR1_ebik0_eq0.csv",17,1,0,0,1,7.71
"256","IIyear.MS16_TDR1_ebik0_eq0.csv",17,1,0,0,2,6.41
"257","IIyear.MS16_TDR1_ebik0_eq0.csv",17,1,0,0,3,3.03
"258","IIyear.MS16_TDR1_ebik0_eq0.csv",17,1,0,0,4,3.71
"259","IIyear.MS16_TDR1_ebik0_eq0.csv",17,1,0,0,5,14
"260","IIyear.MS16_TDR1_ebik0_eq0.csv",17,1,0,0,6,4.39
"261","IIyear.MS16_TDR1_ebik0_eq0.csv",17,1,0,0,7,14.36
"262","IIyear.MS16_TDR1_ebik0_eq0.csv",17,1,0,0,8,18.66
"263","IIyear.MS16_TDR1_ebik0_eq1.csv",17,1,1,0,0,24.47
"264","IIyear.MS16_TDR1_ebik0_eq1.csv",17,1,1,0,1,6.51
"265","IIyear.MS16_TDR1_ebik0_eq1.csv",17,1,1,0,2,6.58
"266","IIyear.MS16_TDR1_ebik0_eq1.csv",17,1,1,0,3,3.08
"267","IIyear.MS16_TDR1_ebik0_eq1.csv",17,1,1,0,4,3.45
"268","IIyear.MS16_TDR1_ebik0_eq1.csv",17,1,1,0,5,12.59
"269","IIyear.MS16_TDR1_ebik0_eq1.csv",17,1,1,0,6,4.87
"270","IIyear.MS16_TDR1_ebik0_eq1.csv",17,1,1,0,7,15.5
"271","IIyear.MS16_TDR1_ebik0_eq1.csv",17,1,1,0,8,22.95
"272","IIyear.MS16_TDR1_ebik1_eq0.csv",17,1,0,1,0,23.67
"273","IIyear.MS16_TDR1_ebik1_eq0.csv",17,1,0,1,1,9.86
"274","IIyear.MS16_TDR1_ebik1_eq0.csv",17,1,0,1,2,6.85
"275","IIyear.MS16_TDR1_ebik1_eq0.csv",17,1,0,1,3,1.46
"276","IIyear.MS16_TDR1_ebik1_eq0.csv",17,1,0,1,4,11.8
"277","IIyear.MS16_TDR1_ebik1_eq0.csv",17,1,0,1,5,6.41
"278","IIyear.MS16_TDR1_ebik1_eq0.csv",17,1,0,1,6,6.47
"279","IIyear.MS16_TDR1_ebik1_eq0.csv",17,1,0,1,7,15.07
"280","IIyear.MS16_TDR1_ebik1_eq0.csv",17,1,0,1,8,18.42
"281","IIyear.MS16_TDR1_ebik1_eq1.csv",17,1,1,1,0,23.97
"282","IIyear.MS16_TDR1_ebik1_eq1.csv",17,1,1,1,1,9.8
"283","IIyear.MS16_TDR1_ebik1_eq1.csv",17,1,1,1,2,7.46
"284","IIyear.MS16_TDR1_ebik1_eq1.csv",17,1,1,1,3,1.5
"285","IIyear.MS16_TDR1_ebik1_eq1.csv",17,1,1,1,4,11.34
"286","IIyear.MS16_TDR1_ebik1_eq1.csv",17,1,1,1,5,5.97
"287","IIyear.MS16_TDR1_ebik1_eq1.csv",17,1,1,1,6,6.84
"288","IIyear.MS16_TDR1_ebik1_eq1.csv",17,1,1,1,7,14.31
"289","IIyear.MS16_TDR1_ebik1_eq1.csv",17,1,1,1,8,18.8
"290","IIyear.MS2_TDR0.7_ebik0_eq0.csv",3,0.7,0,0,0,28.6
"291","IIyear.MS2_TDR0.7_ebik0_eq0.csv",3,0.7,0,0,1,11.08
"292","IIyear.MS2_TDR0.7_ebik0_eq0.csv",3,0.7,0,0,2,13.29
"293","IIyear.MS2_TDR0.7_ebik0_eq0.csv",3,0.7,0,0,3,1.78
"294","IIyear.MS2_TDR0.7_ebik0_eq0.csv",3,0.7,0,0,4,7.72
"295","IIyear.MS2_TDR0.7_ebik0_eq0.csv",3,0.7,0,0,5,12
"296","IIyear.MS2_TDR0.7_ebik0_eq0.csv",3,0.7,0,0,6,6.31
"297","IIyear.MS2_TDR0.7_ebik0_eq0.csv",3,0.7,0,0,7,12
"298","IIyear.MS2_TDR0.7_ebik0_eq0.csv",3,0.7,0,0,8,7.23
"299","IIyear.MS2_TDR0.7_ebik0_eq1.csv",3,0.7,1,0,0,24.87
"300","IIyear.MS2_TDR0.7_ebik0_eq1.csv",3,0.7,1,0,1,10.31
"301","IIyear.MS2_TDR0.7_ebik0_eq1.csv",3,0.7,1,0,2,14.15
"302","IIyear.MS2_TDR0.7_ebik0_eq1.csv",3,0.7,1,0,3,1.26
"303","IIyear.MS2_TDR0.7_ebik0_eq1.csv",3,0.7,1,0,4,7.28
"304","IIyear.MS2_TDR0.7_ebik0_eq1.csv",3,0.7,1,0,5,10.45
"305","IIyear.MS2_TDR0.7_ebik0_eq1.csv",3,0.7,1,0,6,7.32
"306","IIyear.MS2_TDR0.7_ebik0_eq1.csv",3,0.7,1,0,7,14.12
"307","IIyear.MS2_TDR0.7_ebik0_eq1.csv",3,0.7,1,0,8,10.24
"308","IIyear.MS2_TDR0.7_ebik1_eq0.csv",3,0.7,0,1,0,29.92
"309","IIyear.MS2_TDR0.7_ebik1_eq0.csv",3,0.7,0,1,1,8.19
"310","IIyear.MS2_TDR0.7_ebik1_eq0.csv",3,0.7,0,1,2,15.96
"311","IIyear.MS2_TDR0.7_ebik1_eq0.csv",3,0.7,0,1,3,3.66
"312","IIyear.MS2_TDR0.7_ebik1_eq0.csv",3,0.7,0,1,4,6.49
"313","IIyear.MS2_TDR0.7_ebik1_eq0.csv",3,0.7,0,1,5,12.41
"314","IIyear.MS2_TDR0.7_ebik1_eq0.csv",3,0.7,0,1,6,6.95
"315","IIyear.MS2_TDR0.7_ebik1_eq0.csv",3,0.7,0,1,7,10.87
"316","IIyear.MS2_TDR0.7_ebik1_eq0.csv",3,0.7,0,1,8,5.56
"317","IIyear.MS2_TDR0.7_ebik1_eq1.csv",3,0.7,1,1,0,27.29
"318","IIyear.MS2_TDR0.7_ebik1_eq1.csv",3,0.7,1,1,1,8.99
"319","IIyear.MS2_TDR0.7_ebik1_eq1.csv",3,0.7,1,1,2,16.42
"320","IIyear.MS2_TDR0.7_ebik1_eq1.csv",3,0.7,1,1,3,3.32
"321","IIyear.MS2_TDR0.7_ebik1_eq1.csv",3,0.7,1,1,4,7.49
"322","IIyear.MS2_TDR0.7_ebik1_eq1.csv",3,0.7,1,1,5,10.67
"323","IIyear.MS2_TDR0.7_ebik1_eq1.csv",3,0.7,1,1,6,7.66
"324","IIyear.MS2_TDR0.7_ebik1_eq1.csv",3,0.7,1,1,7,11.9
"325","IIyear.MS2_TDR0.7_ebik1_eq1.csv",3,0.7,1,1,8,6.26
"326","IIyear.MS2_TDR0.8_ebik0_eq0.csv",3,0.8,0,0,0,25.96
"327","IIyear.MS2_TDR0.8_ebik0_eq0.csv",3,0.8,0,0,1,11.2
"328","IIyear.MS2_TDR0.8_ebik0_eq0.csv",3,0.8,0,0,2,6.93
"329","IIyear.MS2_TDR0.8_ebik0_eq0.csv",3,0.8,0,0,3,10.3
"330","IIyear.MS2_TDR0.8_ebik0_eq0.csv",3,0.8,0,0,4,5.12
"331","IIyear.MS2_TDR0.8_ebik0_eq0.csv",3,0.8,0,0,5,9.22
"332","IIyear.MS2_TDR0.8_ebik0_eq0.csv",3,0.8,0,0,6,7.47
"333","IIyear.MS2_TDR0.8_ebik0_eq0.csv",3,0.8,0,0,7,14.28
"334","IIyear.MS2_TDR0.8_ebik0_eq0.csv",3,0.8,0,0,8,9.52
"335","IIyear.MS2_TDR0.8_ebik0_eq1.csv",3,0.8,1,0,0,21.83
"336","IIyear.MS2_TDR0.8_ebik0_eq1.csv",3,0.8,1,0,1,9.06
"337","IIyear.MS2_TDR0.8_ebik0_eq1.csv",3,0.8,1,0,2,7.28
"338","IIyear.MS2_TDR0.8_ebik0_eq1.csv",3,0.8,1,0,3,9.41
"339","IIyear.MS2_TDR0.8_ebik0_eq1.csv",3,0.8,1,0,4,4.83
"340","IIyear.MS2_TDR0.8_ebik0_eq1.csv",3,0.8,1,0,5,10.63
"341","IIyear.MS2_TDR0.8_ebik0_eq1.csv",3,0.8,1,0,6,7.87
"342","IIyear.MS2_TDR0.8_ebik0_eq1.csv",3,0.8,1,0,7,16.61
"343","IIyear.MS2_TDR0.8_ebik0_eq1.csv",3,0.8,1,0,8,12.49
"344","IIyear.MS2_TDR0.8_ebik1_eq0.csv",3,0.8,0,1,0,27.04
"345","IIyear.MS2_TDR0.8_ebik1_eq0.csv",3,0.8,0,1,1,9.05
"346","IIyear.MS2_TDR0.8_ebik1_eq0.csv",3,0.8,0,1,2,12.8
"347","IIyear.MS2_TDR0.8_ebik1_eq0.csv",3,0.8,0,1,3,4
"348","IIyear.MS2_TDR0.8_ebik1_eq0.csv",3,0.8,0,1,4,5.73
"349","IIyear.MS2_TDR0.8_ebik1_eq0.csv",3,0.8,0,1,5,12.41
"350","IIyear.MS2_TDR0.8_ebik1_eq0.csv",3,0.8,0,1,6,6.72
"351","IIyear.MS2_TDR0.8_ebik1_eq0.csv",3,0.8,0,1,7,13.45
"352","IIyear.MS2_TDR0.8_ebik1_eq0.csv",3,0.8,0,1,8,8.8
"353","IIyear.MS2_TDR0.8_ebik1_eq1.csv",3,0.8,1,1,0,26.4
"354","IIyear.MS2_TDR0.8_ebik1_eq1.csv",3,0.8,1,1,1,10.23
"355","IIyear.MS2_TDR0.8_ebik1_eq1.csv",3,0.8,1,1,2,15.31
"356","IIyear.MS2_TDR0.8_ebik1_eq1.csv",3,0.8,1,1,3,3.42
"357","IIyear.MS2_TDR0.8_ebik1_eq1.csv",3,0.8,1,1,4,5.21
"358","IIyear.MS2_TDR0.8_ebik1_eq1.csv",3,0.8,1,1,5,11.66
"359","IIyear.MS2_TDR0.8_ebik1_eq1.csv",3,0.8,1,1,6,5.98
"360","IIyear.MS2_TDR0.8_ebik1_eq1.csv",3,0.8,1,1,7,11.96
"361","IIyear.MS2_TDR0.8_ebik1_eq1.csv",3,0.8,1,1,8,9.83
"362","IIyear.MS2_TDR0.9_ebik0_eq0.csv",3,0.9,0,0,0,23.71
"363","IIyear.MS2_TDR0.9_ebik0_eq0.csv",3,0.9,0,0,1,10.04
"364","IIyear.MS2_TDR0.9_ebik0_eq0.csv",3,0.9,0,0,2,8.34
"365","IIyear.MS2_TDR0.9_ebik0_eq0.csv",3,0.9,0,0,3,1.07
"366","IIyear.MS2_TDR0.9_ebik0_eq0.csv",3,0.9,0,0,4,9.03
"367","IIyear.MS2_TDR0.9_ebik0_eq0.csv",3,0.9,0,0,5,8.91
"368","IIyear.MS2_TDR0.9_ebik0_eq0.csv",3,0.9,0,0,6,7.59
"369","IIyear.MS2_TDR0.9_ebik0_eq0.csv",3,0.9,0,0,7,14.74
"370","IIyear.MS2_TDR0.9_ebik0_eq0.csv",3,0.9,0,0,8,16.56
"371","IIyear.MS2_TDR0.9_ebik0_eq1.csv",3,0.9,1,0,0,19.24
"372","IIyear.MS2_TDR0.9_ebik0_eq1.csv",3,0.9,1,0,1,8.88
"373","IIyear.MS2_TDR0.9_ebik0_eq1.csv",3,0.9,1,0,2,9.09
"374","IIyear.MS2_TDR0.9_ebik0_eq1.csv",3,0.9,1,0,3,1.02
"375","IIyear.MS2_TDR0.9_ebik0_eq1.csv",3,0.9,1,0,4,8.85
"376","IIyear.MS2_TDR0.9_ebik0_eq1.csv",3,0.9,1,0,5,8.32
"377","IIyear.MS2_TDR0.9_ebik0_eq1.csv",3,0.9,1,0,6,9.66
"378","IIyear.MS2_TDR0.9_ebik0_eq1.csv",3,0.9,1,0,7,14.29
"379","IIyear.MS2_TDR0.9_ebik0_eq1.csv",3,0.9,1,0,8,20.65
"380","IIyear.MS2_TDR0.9_ebik1_eq0.csv",3,0.9,0,1,0,23.03
"381","IIyear.MS2_TDR0.9_ebik1_eq0.csv",3,0.9,0,1,1,10.25
"382","IIyear.MS2_TDR0.9_ebik1_eq0.csv",3,0.9,0,1,2,6.49
"383","IIyear.MS2_TDR0.9_ebik1_eq0.csv",3,0.9,0,1,3,8.17
"384","IIyear.MS2_TDR0.9_ebik1_eq0.csv",3,0.9,0,1,4,6.88
"385","IIyear.MS2_TDR0.9_ebik1_eq0.csv",3,0.9,0,1,5,9.26
"386","IIyear.MS2_TDR0.9_ebik1_eq0.csv",3,0.9,0,1,6,9.56
"387","IIyear.MS2_TDR0.9_ebik1_eq0.csv",3,0.9,0,1,7,13.47
"388","IIyear.MS2_TDR0.9_ebik1_eq0.csv",3,0.9,0,1,8,12.88
"389","IIyear.MS2_TDR0.9_ebik1_eq1.csv",3,0.9,1,1,0,22.41
"390","IIyear.MS2_TDR0.9_ebik1_eq1.csv",3,0.9,1,1,1,9.41
"391","IIyear.MS2_TDR0.9_ebik1_eq1.csv",3,0.9,1,1,2,7.19
"392","IIyear.MS2_TDR0.9_ebik1_eq1.csv",3,0.9,1,1,3,9.58
"393","IIyear.MS2_TDR0.9_ebik1_eq1.csv",3,0.9,1,1,4,6.32
"394","IIyear.MS2_TDR0.9_ebik1_eq1.csv",3,0.9,1,1,5,8.1
"395","IIyear.MS2_TDR0.9_ebik1_eq1.csv",3,0.9,1,1,6,9.68
"396","IIyear.MS2_TDR0.9_ebik1_eq1.csv",3,0.9,1,1,7,13.91
"397","IIyear.MS2_TDR0.9_ebik1_eq1.csv",3,0.9,1,1,8,13.41
"398","IIyear.MS2_TDR1_ebik0_eq0.csv",3,1,0,0,0,27.01
"399","IIyear.MS2_TDR1_ebik0_eq0.csv",3,1,0,0,1,9.12
"400","IIyear.MS2_TDR1_ebik0_eq0.csv",3,1,0,0,2,7.56
"401","IIyear.MS2_TDR1_ebik0_eq0.csv",3,1,0,0,3,2.64
"402","IIyear.MS2_TDR1_ebik0_eq0.csv",3,1,0,0,4,2.46
"403","IIyear.MS2_TDR1_ebik0_eq0.csv",3,1,0,0,5,13.33
"404","IIyear.MS2_TDR1_ebik0_eq0.csv",3,1,0,0,6,4.44
"405","IIyear.MS2_TDR1_ebik0_eq0.csv",3,1,0,0,7,17.11
"406","IIyear.MS2_TDR1_ebik0_eq0.csv",3,1,0,0,8,16.33
"407","IIyear.MS2_TDR1_ebik0_eq1.csv",3,1,1,0,0,23.29
"408","IIyear.MS2_TDR1_ebik0_eq1.csv",3,1,1,0,1,7.53
"409","IIyear.MS2_TDR1_ebik0_eq1.csv",3,1,1,0,2,6.96
"410","IIyear.MS2_TDR1_ebik0_eq1.csv",3,1,1,0,3,3.45
"411","IIyear.MS2_TDR1_ebik0_eq1.csv",3,1,1,0,4,3.15
"412","IIyear.MS2_TDR1_ebik0_eq1.csv",3,1,1,0,5,12.68
"413","IIyear.MS2_TDR1_ebik0_eq1.csv",3,1,1,0,6,5.59
"414","IIyear.MS2_TDR1_ebik0_eq1.csv",3,1,1,0,7,15.56
"415","IIyear.MS2_TDR1_ebik0_eq1.csv",3,1,1,0,8,21.79
"416","IIyear.MS2_TDR1_ebik1_eq0.csv",3,1,0,1,0,23.67
"417","IIyear.MS2_TDR1_ebik1_eq0.csv",3,1,0,1,1,11.13
"418","IIyear.MS2_TDR1_ebik1_eq0.csv",3,1,0,1,2,6.82
"419","IIyear.MS2_TDR1_ebik1_eq0.csv",3,1,0,1,3,1.33
"420","IIyear.MS2_TDR1_ebik1_eq0.csv",3,1,0,1,4,10.61
"421","IIyear.MS2_TDR1_ebik1_eq0.csv",3,1,0,1,5,6.11
"422","IIyear.MS2_TDR1_ebik1_eq0.csv",3,1,0,1,6,8.62
"423","IIyear.MS2_TDR1_ebik1_eq0.csv",3,1,0,1,7,14.3
"424","IIyear.MS2_TDR1_ebik1_eq0.csv",3,1,0,1,8,17.42
"425","IIyear.MS2_TDR1_ebik1_eq1.csv",3,1,1,1,0,22.9
"426","IIyear.MS2_TDR1_ebik1_eq1.csv",3,1,1,1,1,10.69
"427","IIyear.MS2_TDR1_ebik1_eq1.csv",3,1,1,1,2,7
"428","IIyear.MS2_TDR1_ebik1_eq1.csv",3,1,1,1,3,1.38
"429","IIyear.MS2_TDR1_ebik1_eq1.csv",3,1,1,1,4,13.29
"430","IIyear.MS2_TDR1_ebik1_eq1.csv",3,1,1,1,5,5.78
"431","IIyear.MS2_TDR1_ebik1_eq1.csv",3,1,1,1,6,7.13
"432","IIyear.MS2_TDR1_ebik1_eq1.csv",3,1,1,1,7,14.13
"433","IIyear.MS2_TDR1_ebik1_eq1.csv",3,1,1,1,8,17.69
"434","IIyear.MS32_TDR0.7_ebik0_eq0.csv",33,0.7,0,0,0,29.97
"435","IIyear.MS32_TDR0.7_ebik0_eq0.csv",33,0.7,0,0,1,11.35
"436","IIyear.MS32_TDR0.7_ebik0_eq0.csv",33,0.7,0,0,2,14.59
"437","IIyear.MS32_TDR0.7_ebik0_eq0.csv",33,0.7,0,0,3,1.35
"438","IIyear.MS32_TDR0.7_ebik0_eq0.csv",33,0.7,0,0,4,7.2
"439","IIyear.MS32_TDR0.7_ebik0_eq0.csv",33,0.7,0,0,5,10.48
"440","IIyear.MS32_TDR0.7_ebik0_eq0.csv",33,0.7,0,0,6,5.9
"441","IIyear.MS32_TDR0.7_ebik0_eq0.csv",33,0.7,0,0,7,11.41
"442","IIyear.MS32_TDR0.7_ebik0_eq0.csv",33,0.7,0,0,8,7.75
"443","IIyear.MS32_TDR0.7_ebik0_eq1.csv",33,0.7,1,0,0,25.4
"444","IIyear.MS32_TDR0.7_ebik0_eq1.csv",33,0.7,1,0,1,10.3
"445","IIyear.MS32_TDR0.7_ebik0_eq1.csv",33,0.7,1,0,2,13.92
"446","IIyear.MS32_TDR0.7_ebik0_eq1.csv",33,0.7,1,0,3,1.31
"447","IIyear.MS32_TDR0.7_ebik0_eq1.csv",33,0.7,1,0,4,8.27
"448","IIyear.MS32_TDR0.7_ebik0_eq1.csv",33,0.7,1,0,5,9.85
"449","IIyear.MS32_TDR0.7_ebik0_eq1.csv",33,0.7,1,0,6,6.95
"450","IIyear.MS32_TDR0.7_ebik0_eq1.csv",33,0.7,1,0,7,13.1
"451","IIyear.MS32_TDR0.7_ebik0_eq1.csv",33,0.7,1,0,8,10.9
"452","IIyear.MS32_TDR0.7_ebik1_eq0.csv",33,0.7,0,1,0,28.15
"453","IIyear.MS32_TDR0.7_ebik1_eq0.csv",33,0.7,0,1,1,9.34
"454","IIyear.MS32_TDR0.7_ebik1_eq0.csv",33,0.7,0,1,2,16.39
"455","IIyear.MS32_TDR0.7_ebik1_eq0.csv",33,0.7,0,1,3,3.04
"456","IIyear.MS32_TDR0.7_ebik1_eq0.csv",33,0.7,0,1,4,7.09
"457","IIyear.MS32_TDR0.7_ebik1_eq0.csv",33,0.7,0,1,5,11.43
"458","IIyear.MS32_TDR0.7_ebik1_eq0.csv",33,0.7,0,1,6,7.06
"459","IIyear.MS32_TDR0.7_ebik1_eq0.csv",33,0.7,0,1,7,11.13
"460","IIyear.MS32_TDR0.7_ebik1_eq0.csv",33,0.7,0,1,8,6.36
"461","IIyear.MS32_TDR0.7_ebik1_eq1.csv",33,0.7,1,1,0,27.79
"462","IIyear.MS32_TDR0.7_ebik1_eq1.csv",33,0.7,1,1,1,9.63
"463","IIyear.MS32_TDR0.7_ebik1_eq1.csv",33,0.7,1,1,2,16.17
"464","IIyear.MS32_TDR0.7_ebik1_eq1.csv",33,0.7,1,1,3,3.14
"465","IIyear.MS32_TDR0.7_ebik1_eq1.csv",33,0.7,1,1,4,7.19
"466","IIyear.MS32_TDR0.7_ebik1_eq1.csv",33,0.7,1,1,5,11.73
"467","IIyear.MS32_TDR0.7_ebik1_eq1.csv",33,0.7,1,1,6,7.17
"468","IIyear.MS32_TDR0.7_ebik1_eq1.csv",33,0.7,1,1,7,10.54
"469","IIyear.MS32_TDR0.7_ebik1_eq1.csv",33,0.7,1,1,8,6.64
"470","IIyear.MS32_TDR0.8_ebik0_eq0.csv",33,0.8,0,0,0,27.61
"471","IIyear.MS32_TDR0.8_ebik0_eq0.csv",33,0.8,0,0,1,9.23
"472","IIyear.MS32_TDR0.8_ebik0_eq0.csv",33,0.8,0,0,2,6.82
"473","IIyear.MS32_TDR0.8_ebik0_eq0.csv",33,0.8,0,0,3,9.37
"474","IIyear.MS32_TDR0.8_ebik0_eq0.csv",33,0.8,0,0,4,5.94
"475","IIyear.MS32_TDR0.8_ebik0_eq0.csv",33,0.8,0,0,5,9.74
"476","IIyear.MS32_TDR0.8_ebik0_eq0.csv",33,0.8,0,0,6,7.3
"477","IIyear.MS32_TDR0.8_ebik0_eq0.csv",33,0.8,0,0,7,14.47
"478","IIyear.MS32_TDR0.8_ebik0_eq0.csv",33,0.8,0,0,8,9.51
"479","IIyear.MS32_TDR0.8_ebik0_eq1.csv",33,0.8,1,0,0,22.47
"480","IIyear.MS32_TDR0.8_ebik0_eq1.csv",33,0.8,1,0,1,8.26
"481","IIyear.MS32_TDR0.8_ebik0_eq1.csv",33,0.8,1,0,2,7.34
"482","IIyear.MS32_TDR0.8_ebik0_eq1.csv",33,0.8,1,0,3,8.2
"483","IIyear.MS32_TDR0.8_ebik0_eq1.csv",33,0.8,1,0,4,5.74
"484","IIyear.MS32_TDR0.8_ebik0_eq1.csv",33,0.8,1,0,5,10.8
"485","IIyear.MS32_TDR0.8_ebik0_eq1.csv",33,0.8,1,0,6,7.23
"486","IIyear.MS32_TDR0.8_ebik0_eq1.csv",33,0.8,1,0,7,16.31
"487","IIyear.MS32_TDR0.8_ebik0_eq1.csv",33,0.8,1,0,8,13.65
"488","IIyear.MS32_TDR0.8_ebik1_eq0.csv",33,0.8,0,1,0,25
"489","IIyear.MS32_TDR0.8_ebik1_eq0.csv",33,0.8,0,1,1,9.77
"490","IIyear.MS32_TDR0.8_ebik1_eq0.csv",33,0.8,0,1,2,14.28
"491","IIyear.MS32_TDR0.8_ebik1_eq0.csv",33,0.8,0,1,3,3.29
"492","IIyear.MS32_TDR0.8_ebik1_eq0.csv",33,0.8,0,1,4,5.8
"493","IIyear.MS32_TDR0.8_ebik1_eq0.csv",33,0.8,0,1,5,10.97
"494","IIyear.MS32_TDR0.8_ebik1_eq0.csv",33,0.8,0,1,6,7.48
"495","IIyear.MS32_TDR0.8_ebik1_eq0.csv",33,0.8,0,1,7,13.17
"496","IIyear.MS32_TDR0.8_ebik1_eq0.csv",33,0.8,0,1,8,10.25
"497","IIyear.MS32_TDR0.8_ebik1_eq1.csv",33,0.8,1,1,0,25.29
"498","IIyear.MS32_TDR0.8_ebik1_eq1.csv",33,0.8,1,1,1,10.03
"499","IIyear.MS32_TDR0.8_ebik1_eq1.csv",33,0.8,1,1,2,14.8
"500","IIyear.MS32_TDR0.8_ebik1_eq1.csv",33,0.8,1,1,3,3.12
"501","IIyear.MS32_TDR0.8_ebik1_eq1.csv",33,0.8,1,1,4,5.63
"502","IIyear.MS32_TDR0.8_ebik1_eq1.csv",33,0.8,1,1,5,11.18
"503","IIyear.MS32_TDR0.8_ebik1_eq1.csv",33,0.8,1,1,6,7
"504","IIyear.MS32_TDR0.8_ebik1_eq1.csv",33,0.8,1,1,7,12.86
"505","IIyear.MS32_TDR0.8_ebik1_eq1.csv",33,0.8,1,1,8,10.1
"506","IIyear.MS32_TDR0.9_ebik0_eq0.csv",33,0.9,0,0,0,25.66
"507","IIyear.MS32_TDR0.9_ebik0_eq0.csv",33,0.9,0,0,1,8.5
"508","IIyear.MS32_TDR0.9_ebik0_eq0.csv",33,0.9,0,0,2,8.82
"509","IIyear.MS32_TDR0.9_ebik0_eq0.csv",33,0.9,0,0,3,1.53
"510","IIyear.MS32_TDR0.9_ebik0_eq0.csv",33,0.9,0,0,4,9.54
"511","IIyear.MS32_TDR0.9_ebik0_eq0.csv",33,0.9,0,0,5,7.87
"512","IIyear.MS32_TDR0.9_ebik0_eq0.csv",33,0.9,0,0,6,8.31
"513","IIyear.MS32_TDR0.9_ebik0_eq0.csv",33,0.9,0,0,7,13.53
"514","IIyear.MS32_TDR0.9_ebik0_eq0.csv",33,0.9,0,0,8,16.23
"515","IIyear.MS32_TDR0.9_ebik0_eq1.csv",33,0.9,1,0,0,20.92
"516","IIyear.MS32_TDR0.9_ebik0_eq1.csv",33,0.9,1,0,1,7.47
"517","IIyear.MS32_TDR0.9_ebik0_eq1.csv",33,0.9,1,0,2,8.85
"518","IIyear.MS32_TDR0.9_ebik0_eq1.csv",33,0.9,1,0,3,1.51
"519","IIyear.MS32_TDR0.9_ebik0_eq1.csv",33,0.9,1,0,4,9.07
"520","IIyear.MS32_TDR0.9_ebik0_eq1.csv",33,0.9,1,0,5,7.24
"521","IIyear.MS32_TDR0.9_ebik0_eq1.csv",33,0.9,1,0,6,9.62
"522","IIyear.MS32_TDR0.9_ebik0_eq1.csv",33,0.9,1,0,7,14.51
"523","IIyear.MS32_TDR0.9_ebik0_eq1.csv",33,0.9,1,0,8,20.81
"524","IIyear.MS32_TDR0.9_ebik1_eq0.csv",33,0.9,0,1,0,22.86
"525","IIyear.MS32_TDR0.9_ebik1_eq0.csv",33,0.9,0,1,1,8.61
"526","IIyear.MS32_TDR0.9_ebik1_eq0.csv",33,0.9,0,1,2,7.67
"527","IIyear.MS32_TDR0.9_ebik1_eq0.csv",33,0.9,0,1,3,8.31
"528","IIyear.MS32_TDR0.9_ebik1_eq0.csv",33,0.9,0,1,4,6.85
"529","IIyear.MS32_TDR0.9_ebik1_eq0.csv",33,0.9,0,1,5,8.48
"530","IIyear.MS32_TDR0.9_ebik1_eq0.csv",33,0.9,0,1,6,8.92
"531","IIyear.MS32_TDR0.9_ebik1_eq0.csv",33,0.9,0,1,7,14.68
"532","IIyear.MS32_TDR0.9_ebik1_eq0.csv",33,0.9,0,1,8,13.62
"533","IIyear.MS32_TDR0.9_ebik1_eq1.csv",33,0.9,1,1,0,23.11
"534","IIyear.MS32_TDR0.9_ebik1_eq1.csv",33,0.9,1,1,1,8.31
"535","IIyear.MS32_TDR0.9_ebik1_eq1.csv",33,0.9,1,1,2,7.87
"536","IIyear.MS32_TDR0.9_ebik1_eq1.csv",33,0.9,1,1,3,8.29
"537","IIyear.MS32_TDR0.9_ebik1_eq1.csv",33,0.9,1,1,4,6.65
"538","IIyear.MS32_TDR0.9_ebik1_eq1.csv",33,0.9,1,1,5,8.11
"539","IIyear.MS32_TDR0.9_ebik1_eq1.csv",33,0.9,1,1,6,9.09
"540","IIyear.MS32_TDR0.9_ebik1_eq1.csv",33,0.9,1,1,7,14.64
"541","IIyear.MS32_TDR0.9_ebik1_eq1.csv",33,0.9,1,1,8,13.94
"542","IIyear.MS32_TDR1_ebik0_eq0.csv",33,1,0,0,0,29.04
"543","IIyear.MS32_TDR1_ebik0_eq0.csv",33,1,0,0,1,7.61
"544","IIyear.MS32_TDR1_ebik0_eq0.csv",33,1,0,0,2,6.71
"545","IIyear.MS32_TDR1_ebik0_eq0.csv",33,1,0,0,3,3.17
"546","IIyear.MS32_TDR1_ebik0_eq0.csv",33,1,0,0,4,3.35
"547","IIyear.MS32_TDR1_ebik0_eq0.csv",33,1,0,0,5,13.35
"548","IIyear.MS32_TDR1_ebik0_eq0.csv",33,1,0,0,6,4.09
"549","IIyear.MS32_TDR1_ebik0_eq0.csv",33,1,0,0,7,14.33
"550","IIyear.MS32_TDR1_ebik0_eq0.csv",33,1,0,0,8,18.33
"551","IIyear.MS32_TDR1_ebik0_eq1.csv",33,1,1,0,0,24.09
"552","IIyear.MS32_TDR1_ebik0_eq1.csv",33,1,1,0,1,6.44
"553","IIyear.MS32_TDR1_ebik0_eq1.csv",33,1,1,0,2,6.21
"554","IIyear.MS32_TDR1_ebik0_eq1.csv",33,1,1,0,3,3.1
"555","IIyear.MS32_TDR1_ebik0_eq1.csv",33,1,1,0,4,3.58
"556","IIyear.MS32_TDR1_ebik0_eq1.csv",33,1,1,0,5,12.67
"557","IIyear.MS32_TDR1_ebik0_eq1.csv",33,1,1,0,6,5.15
"558","IIyear.MS32_TDR1_ebik0_eq1.csv",33,1,1,0,7,15.78
"559","IIyear.MS32_TDR1_ebik0_eq1.csv",33,1,1,0,8,22.99
"560","IIyear.MS32_TDR1_ebik1_eq0.csv",33,1,0,1,0,24.63
"561","IIyear.MS32_TDR1_ebik1_eq0.csv",33,1,0,1,1,9.72
"562","IIyear.MS32_TDR1_ebik1_eq0.csv",33,1,0,1,2,6.98
"563","IIyear.MS32_TDR1_ebik1_eq0.csv",33,1,0,1,3,1.38
"564","IIyear.MS32_TDR1_ebik1_eq0.csv",33,1,0,1,4,11.38
"565","IIyear.MS32_TDR1_ebik1_eq0.csv",33,1,0,1,5,5.91
"566","IIyear.MS32_TDR1_ebik1_eq0.csv",33,1,0,1,6,6.65
"567","IIyear.MS32_TDR1_ebik1_eq0.csv",33,1,0,1,7,14.27
"568","IIyear.MS32_TDR1_ebik1_eq0.csv",33,1,0,1,8,19.09
"569","IIyear.MS32_TDR1_ebik1_eq1.csv",33,1,1,1,0,24.41
"570","IIyear.MS32_TDR1_ebik1_eq1.csv",33,1,1,1,1,9.71
"571","IIyear.MS32_TDR1_ebik1_eq1.csv",33,1,1,1,2,7.24
"572","IIyear.MS32_TDR1_ebik1_eq1.csv",33,1,1,1,3,1.44
"573","IIyear.MS32_TDR1_ebik1_eq1.csv",33,1,1,1,4,11.34
"574","IIyear.MS32_TDR1_ebik1_eq1.csv",33,1,1,1,5,6.08
"575","IIyear.MS32_TDR1_ebik1_eq1.csv",33,1,1,1,6,6.81
"576","IIyear.MS32_TDR1_ebik1_eq1.csv",33,1,1,1,7,14.53
"577","IIyear.MS32_TDR1_ebik1_eq1.csv",33,1,1,1,8,18.44
"578","IIyear.MS4_TDR0.7_ebik0_eq0.csv",5,0.7,0,0,0,29.46
"579","IIyear.MS4_TDR0.7_ebik0_eq0.csv",5,0.7,0,0,1,10.86
"580","IIyear.MS4_TDR0.7_ebik0_eq0.csv",5,0.7,0,0,2,15.58
"581","IIyear.MS4_TDR0.7_ebik0_eq0.csv",5,0.7,0,0,3,1.76
"582","IIyear.MS4_TDR0.7_ebik0_eq0.csv",5,0.7,0,0,4,6.67
"583","IIyear.MS4_TDR0.7_ebik0_eq0.csv",5,0.7,0,0,5,10.76
"584","IIyear.MS4_TDR0.7_ebik0_eq0.csv",5,0.7,0,0,6,5.24
"585","IIyear.MS4_TDR0.7_ebik0_eq0.csv",5,0.7,0,0,7,11.8
"586","IIyear.MS4_TDR0.7_ebik0_eq0.csv",5,0.7,0,0,8,7.87
"587","IIyear.MS4_TDR0.7_ebik0_eq1.csv",5,0.7,1,0,0,24.53
"588","IIyear.MS4_TDR0.7_ebik0_eq1.csv",5,0.7,1,0,1,10.53
"589","IIyear.MS4_TDR0.7_ebik0_eq1.csv",5,0.7,1,0,2,13.93
"590","IIyear.MS4_TDR0.7_ebik0_eq1.csv",5,0.7,1,0,3,1.5
"591","IIyear.MS4_TDR0.7_ebik0_eq1.csv",5,0.7,1,0,4,8.39
"592","IIyear.MS4_TDR0.7_ebik0_eq1.csv",5,0.7,1,0,5,11.12
"593","IIyear.MS4_TDR0.7_ebik0_eq1.csv",5,0.7,1,0,6,6.99
"594","IIyear.MS4_TDR0.7_ebik0_eq1.csv",5,0.7,1,0,7,12.68
"595","IIyear.MS4_TDR0.7_ebik0_eq1.csv",5,0.7,1,0,8,10.33
"596","IIyear.MS4_TDR0.7_ebik1_eq0.csv",5,0.7,0,1,0,28.53
"597","IIyear.MS4_TDR0.7_ebik1_eq0.csv",5,0.7,0,1,1,8.69
"598","IIyear.MS4_TDR0.7_ebik1_eq0.csv",5,0.7,0,1,2,16.4
"599","IIyear.MS4_TDR0.7_ebik1_eq0.csv",5,0.7,0,1,3,2.81
"600","IIyear.MS4_TDR0.7_ebik1_eq0.csv",5,0.7,0,1,4,7.11
"601","IIyear.MS4_TDR0.7_ebik1_eq0.csv",5,0.7,0,1,5,12.47
"602","IIyear.MS4_TDR0.7_ebik1_eq0.csv",5,0.7,0,1,6,5.85
"603","IIyear.MS4_TDR0.7_ebik1_eq0.csv",5,0.7,0,1,7,11.73
"604","IIyear.MS4_TDR0.7_ebik1_eq0.csv",5,0.7,0,1,8,6.4
"605","IIyear.MS4_TDR0.7_ebik1_eq1.csv",5,0.7,1,1,0,27.04
"606","IIyear.MS4_TDR0.7_ebik1_eq1.csv",5,0.7,1,1,1,9.45
"607","IIyear.MS4_TDR0.7_ebik1_eq1.csv",5,0.7,1,1,2,16.57
"608","IIyear.MS4_TDR0.7_ebik1_eq1.csv",5,0.7,1,1,3,3.45
"609","IIyear.MS4_TDR0.7_ebik1_eq1.csv",5,0.7,1,1,4,7.74
"610","IIyear.MS4_TDR0.7_ebik1_eq1.csv",5,0.7,1,1,5,11.47
"611","IIyear.MS4_TDR0.7_ebik1_eq1.csv",5,0.7,1,1,6,6.56
"612","IIyear.MS4_TDR0.7_ebik1_eq1.csv",5,0.7,1,1,7,11.21
"613","IIyear.MS4_TDR0.7_ebik1_eq1.csv",5,0.7,1,1,8,6.52
"614","IIyear.MS4_TDR0.8_ebik0_eq0.csv",5,0.8,0,0,0,27.57
"615","IIyear.MS4_TDR0.8_ebik0_eq0.csv",5,0.8,0,0,1,9.11
"616","IIyear.MS4_TDR0.8_ebik0_eq0.csv",5,0.8,0,0,2,6.79
"617","IIyear.MS4_TDR0.8_ebik0_eq0.csv",5,0.8,0,0,3,9.5
"618","IIyear.MS4_TDR0.8_ebik0_eq0.csv",5,0.8,0,0,4,6.17
"619","IIyear.MS4_TDR0.8_ebik0_eq0.csv",5,0.8,0,0,5,9.11
"620","IIyear.MS4_TDR0.8_ebik0_eq0.csv",5,0.8,0,0,6,7.85
"621","IIyear.MS4_TDR0.8_ebik0_eq0.csv",5,0.8,0,0,7,14.29
"622","IIyear.MS4_TDR0.8_ebik0_eq0.csv",5,0.8,0,0,8,9.6
"623","IIyear.MS4_TDR0.8_ebik0_eq1.csv",5,0.8,1,0,0,22.1
"624","IIyear.MS4_TDR0.8_ebik0_eq1.csv",5,0.8,1,0,1,8.5
"625","IIyear.MS4_TDR0.8_ebik0_eq1.csv",5,0.8,1,0,2,6.94
"626","IIyear.MS4_TDR0.8_ebik0_eq1.csv",5,0.8,1,0,3,8.89
"627","IIyear.MS4_TDR0.8_ebik0_eq1.csv",5,0.8,1,0,4,4.87
"628","IIyear.MS4_TDR0.8_ebik0_eq1.csv",5,0.8,1,0,5,10.29
"629","IIyear.MS4_TDR0.8_ebik0_eq1.csv",5,0.8,1,0,6,8.09
"630","IIyear.MS4_TDR0.8_ebik0_eq1.csv",5,0.8,1,0,7,16.89
"631","IIyear.MS4_TDR0.8_ebik0_eq1.csv",5,0.8,1,0,8,13.41
"632","IIyear.MS4_TDR0.8_ebik1_eq0.csv",5,0.8,0,1,0,23.89
"633","IIyear.MS4_TDR0.8_ebik1_eq0.csv",5,0.8,0,1,1,10.02
"634","IIyear.MS4_TDR0.8_ebik1_eq0.csv",5,0.8,0,1,2,15.06
"635","IIyear.MS4_TDR0.8_ebik1_eq0.csv",5,0.8,0,1,3,3.3
"636","IIyear.MS4_TDR0.8_ebik1_eq0.csv",5,0.8,0,1,4,5.95
"637","IIyear.MS4_TDR0.8_ebik1_eq0.csv",5,0.8,0,1,5,11.43
"638","IIyear.MS4_TDR0.8_ebik1_eq0.csv",5,0.8,0,1,6,6.99
"639","IIyear.MS4_TDR0.8_ebik1_eq0.csv",5,0.8,0,1,7,13.17
"640","IIyear.MS4_TDR0.8_ebik1_eq0.csv",5,0.8,0,1,8,10.21
"641","IIyear.MS4_TDR0.8_ebik1_eq1.csv",5,0.8,1,1,0,24.64
"642","IIyear.MS4_TDR0.8_ebik1_eq1.csv",5,0.8,1,1,1,10.01
"643","IIyear.MS4_TDR0.8_ebik1_eq1.csv",5,0.8,1,1,2,13.83
"644","IIyear.MS4_TDR0.8_ebik1_eq1.csv",5,0.8,1,1,3,3.54
"645","IIyear.MS4_TDR0.8_ebik1_eq1.csv",5,0.8,1,1,4,6.38
"646","IIyear.MS4_TDR0.8_ebik1_eq1.csv",5,0.8,1,1,5,11.42
"647","IIyear.MS4_TDR0.8_ebik1_eq1.csv",5,0.8,1,1,6,7.63
"648","IIyear.MS4_TDR0.8_ebik1_eq1.csv",5,0.8,1,1,7,12.55
"649","IIyear.MS4_TDR0.8_ebik1_eq1.csv",5,0.8,1,1,8,9.99
"650","IIyear.MS4_TDR0.9_ebik0_eq0.csv",5,0.9,0,0,0,23.33
"651","IIyear.MS4_TDR0.9_ebik0_eq0.csv",5,0.9,0,0,1,9.43
"652","IIyear.MS4_TDR0.9_ebik0_eq0.csv",5,0.9,0,0,2,9.23
"653","IIyear.MS4_TDR0.9_ebik0_eq0.csv",5,0.9,0,0,3,1.57
"654","IIyear.MS4_TDR0.9_ebik0_eq0.csv",5,0.9,0,0,4,9.83
"655","IIyear.MS4_TDR0.9_ebik0_eq0.csv",5,0.9,0,0,5,9.23
"656","IIyear.MS4_TDR0.9_ebik0_eq0.csv",5,0.9,0,0,6,7.8
"657","IIyear.MS4_TDR0.9_ebik0_eq0.csv",5,0.9,0,0,7,13.36
"658","IIyear.MS4_TDR0.9_ebik0_eq0.csv",5,0.9,0,0,8,16.23
"659","IIyear.MS4_TDR0.9_ebik0_eq1.csv",5,0.9,1,0,0,20.18
"660","IIyear.MS4_TDR0.9_ebik0_eq1.csv",5,0.9,1,0,1,7.76
"661","IIyear.MS4_TDR0.9_ebik0_eq1.csv",5,0.9,1,0,2,8.97
"662","IIyear.MS4_TDR0.9_ebik0_eq1.csv",5,0.9,1,0,3,1.28
"663","IIyear.MS4_TDR0.9_ebik0_eq1.csv",5,0.9,1,0,4,8.82
"664","IIyear.MS4_TDR0.9_ebik0_eq1.csv",5,0.9,1,0,5,7.72
"665","IIyear.MS4_TDR0.9_ebik0_eq1.csv",5,0.9,1,0,6,9.24
"666","IIyear.MS4_TDR0.9_ebik0_eq1.csv",5,0.9,1,0,7,15.66
"667","IIyear.MS4_TDR0.9_ebik0_eq1.csv",5,0.9,1,0,8,20.36
"668","IIyear.MS4_TDR0.9_ebik1_eq0.csv",5,0.9,0,1,0,23.22
"669","IIyear.MS4_TDR0.9_ebik1_eq0.csv",5,0.9,0,1,1,9.23
"670","IIyear.MS4_TDR0.9_ebik1_eq0.csv",5,0.9,0,1,2,7.04
"671","IIyear.MS4_TDR0.9_ebik1_eq0.csv",5,0.9,0,1,3,8.81
"672","IIyear.MS4_TDR0.9_ebik1_eq0.csv",5,0.9,0,1,4,6.59
"673","IIyear.MS4_TDR0.9_ebik1_eq0.csv",5,0.9,0,1,5,8.95
"674","IIyear.MS4_TDR0.9_ebik1_eq0.csv",5,0.9,0,1,6,8.17
"675","IIyear.MS4_TDR0.9_ebik1_eq0.csv",5,0.9,0,1,7,15.1
"676","IIyear.MS4_TDR0.9_ebik1_eq0.csv",5,0.9,0,1,8,12.88
"677","IIyear.MS4_TDR0.9_ebik1_eq1.csv",5,0.9,1,1,0,22.53
"678","IIyear.MS4_TDR0.9_ebik1_eq1.csv",5,0.9,1,1,1,9
"679","IIyear.MS4_TDR0.9_ebik1_eq1.csv",5,0.9,1,1,2,7.38
"680","IIyear.MS4_TDR0.9_ebik1_eq1.csv",5,0.9,1,1,3,8.67
"681","IIyear.MS4_TDR0.9_ebik1_eq1.csv",5,0.9,1,1,4,6.86
"682","IIyear.MS4_TDR0.9_ebik1_eq1.csv",5,0.9,1,1,5,8.65
"683","IIyear.MS4_TDR0.9_ebik1_eq1.csv",5,0.9,1,1,6,8.63
"684","IIyear.MS4_TDR0.9_ebik1_eq1.csv",5,0.9,1,1,7,15.64
"685","IIyear.MS4_TDR0.9_ebik1_eq1.csv",5,0.9,1,1,8,12.65
"686","IIyear.MS4_TDR1_ebik0_eq0.csv",5,1,0,0,0,27.46
"687","IIyear.MS4_TDR1_ebik0_eq0.csv",5,1,0,0,1,8.51
"688","IIyear.MS4_TDR1_ebik0_eq0.csv",5,1,0,0,2,6.87
"689","IIyear.MS4_TDR1_ebik0_eq0.csv",5,1,0,0,3,3.44
"690","IIyear.MS4_TDR1_ebik0_eq0.csv",5,1,0,0,4,3.24
"691","IIyear.MS4_TDR1_ebik0_eq0.csv",5,1,0,0,5,13.97
"692","IIyear.MS4_TDR1_ebik0_eq0.csv",5,1,0,0,6,4.37
"693","IIyear.MS4_TDR1_ebik0_eq0.csv",5,1,0,0,7,14.1
"694","IIyear.MS4_TDR1_ebik0_eq0.csv",5,1,0,0,8,18.05
"695","IIyear.MS4_TDR1_ebik0_eq1.csv",5,1,1,0,0,23.02
"696","IIyear.MS4_TDR1_ebik0_eq1.csv",5,1,1,0,1,6.55
"697","IIyear.MS4_TDR1_ebik0_eq1.csv",5,1,1,0,2,6.7
"698","IIyear.MS4_TDR1_ebik0_eq1.csv",5,1,1,0,3,2.82
"699","IIyear.MS4_TDR1_ebik0_eq1.csv",5,1,1,0,4,3.12
"700","IIyear.MS4_TDR1_ebik0_eq1.csv",5,1,1,0,5,13.11
"701","IIyear.MS4_TDR1_ebik0_eq1.csv",5,1,1,0,6,5.31
"702","IIyear.MS4_TDR1_ebik0_eq1.csv",5,1,1,0,7,16.59
"703","IIyear.MS4_TDR1_ebik0_eq1.csv",5,1,1,0,8,22.78
"704","IIyear.MS4_TDR1_ebik1_eq0.csv",5,1,0,1,0,23.41
"705","IIyear.MS4_TDR1_ebik1_eq0.csv",5,1,0,1,1,10.74
"706","IIyear.MS4_TDR1_ebik1_eq0.csv",5,1,0,1,2,6.5
"707","IIyear.MS4_TDR1_ebik1_eq0.csv",5,1,0,1,3,1.52
"708","IIyear.MS4_TDR1_ebik1_eq0.csv",5,1,0,1,4,11.7
"709","IIyear.MS4_TDR1_ebik1_eq0.csv",5,1,0,1,5,6.32
"710","IIyear.MS4_TDR1_ebik1_eq0.csv",5,1,0,1,6,6.37
"711","IIyear.MS4_TDR1_ebik1_eq0.csv",5,1,0,1,7,15.44
"712","IIyear.MS4_TDR1_ebik1_eq0.csv",5,1,0,1,8,18
"713","IIyear.MS4_TDR1_ebik1_eq1.csv",5,1,1,1,0,22.85
"714","IIyear.MS4_TDR1_ebik1_eq1.csv",5,1,1,1,1,9.96
"715","IIyear.MS4_TDR1_ebik1_eq1.csv",5,1,1,1,2,6.94
"716","IIyear.MS4_TDR1_ebik1_eq1.csv",5,1,1,1,3,1.17
"717","IIyear.MS4_TDR1_ebik1_eq1.csv",5,1,1,1,4,12.01
"718","IIyear.MS4_TDR1_ebik1_eq1.csv",5,1,1,1,5,5.88
"719","IIyear.MS4_TDR1_ebik1_eq1.csv",5,1,1,1,6,6.97
"720","IIyear.MS4_TDR1_ebik1_eq1.csv",5,1,1,1,7,15.41
"721","IIyear.MS4_TDR1_ebik1_eq1.csv",5,1,1,1,8,18.82
"722","IIyear.MS64_TDR0.7_ebik0_eq0.csv",65,0.7,0,0,0,30.73
"723","IIyear.MS64_TDR0.7_ebik0_eq0.csv",65,0.7,0,0,1,11.11
"724","IIyear.MS64_TDR0.7_ebik0_eq0.csv",65,0.7,0,0,2,14.52
"725","IIyear.MS64_TDR0.7_ebik0_eq0.csv",65,0.7,0,0,3,1.15
"726","IIyear.MS64_TDR0.7_ebik0_eq0.csv",65,0.7,0,0,4,7.76
"727","IIyear.MS64_TDR0.7_ebik0_eq0.csv",65,0.7,0,0,5,10.29
"728","IIyear.MS64_TDR0.7_ebik0_eq0.csv",65,0.7,0,0,6,5.82
"729","IIyear.MS64_TDR0.7_ebik0_eq0.csv",65,0.7,0,0,7,11
"730","IIyear.MS64_TDR0.7_ebik0_eq0.csv",65,0.7,0,0,8,7.62
"731","IIyear.MS64_TDR0.7_ebik0_eq1.csv",65,0.7,1,0,0,25.3
"732","IIyear.MS64_TDR0.7_ebik0_eq1.csv",65,0.7,1,0,1,9.93
"733","IIyear.MS64_TDR0.7_ebik0_eq1.csv",65,0.7,1,0,2,14.42
"734","IIyear.MS64_TDR0.7_ebik0_eq1.csv",65,0.7,1,0,3,1.51
"735","IIyear.MS64_TDR0.7_ebik0_eq1.csv",65,0.7,1,0,4,7.91
"736","IIyear.MS64_TDR0.7_ebik0_eq1.csv",65,0.7,1,0,5,10.26
"737","IIyear.MS64_TDR0.7_ebik0_eq1.csv",65,0.7,1,0,6,6.62
"738","IIyear.MS64_TDR0.7_ebik0_eq1.csv",65,0.7,1,0,7,13.13
"739","IIyear.MS64_TDR0.7_ebik0_eq1.csv",65,0.7,1,0,8,10.93
"740","IIyear.MS64_TDR0.7_ebik1_eq0.csv",65,0.7,0,1,0,27.93
"741","IIyear.MS64_TDR0.7_ebik1_eq0.csv",65,0.7,0,1,1,9.73
"742","IIyear.MS64_TDR0.7_ebik1_eq0.csv",65,0.7,0,1,2,16.37
"743","IIyear.MS64_TDR0.7_ebik1_eq0.csv",65,0.7,0,1,3,3.37
"744","IIyear.MS64_TDR0.7_ebik1_eq0.csv",65,0.7,0,1,4,7
"745","IIyear.MS64_TDR0.7_ebik1_eq0.csv",65,0.7,0,1,5,11.79
"746","IIyear.MS64_TDR0.7_ebik1_eq0.csv",65,0.7,0,1,6,6.71
"747","IIyear.MS64_TDR0.7_ebik1_eq0.csv",65,0.7,0,1,7,10.64
"748","IIyear.MS64_TDR0.7_ebik1_eq0.csv",65,0.7,0,1,8,6.46
"749","IIyear.MS64_TDR0.7_ebik1_eq1.csv",65,0.7,1,1,0,28.43
"750","IIyear.MS64_TDR0.7_ebik1_eq1.csv",65,0.7,1,1,1,10.11
"751","IIyear.MS64_TDR0.7_ebik1_eq1.csv",65,0.7,1,1,2,16.26
"752","IIyear.MS64_TDR0.7_ebik1_eq1.csv",65,0.7,1,1,3,3.12
"753","IIyear.MS64_TDR0.7_ebik1_eq1.csv",65,0.7,1,1,4,7.24
"754","IIyear.MS64_TDR0.7_ebik1_eq1.csv",65,0.7,1,1,5,11.28
"755","IIyear.MS64_TDR0.7_ebik1_eq1.csv",65,0.7,1,1,6,6.8
"756","IIyear.MS64_TDR0.7_ebik1_eq1.csv",65,0.7,1,1,7,10.82
"757","IIyear.MS64_TDR0.7_ebik1_eq1.csv",65,0.7,1,1,8,5.93
"758","IIyear.MS64_TDR0.8_ebik0_eq0.csv",65,0.8,0,0,0,27.95
"759","IIyear.MS64_TDR0.8_ebik0_eq0.csv",65,0.8,0,0,1,9.15
"760","IIyear.MS64_TDR0.8_ebik0_eq0.csv",65,0.8,0,0,2,7.14
"761","IIyear.MS64_TDR0.8_ebik0_eq0.csv",65,0.8,0,0,3,9.19
"762","IIyear.MS64_TDR0.8_ebik0_eq0.csv",65,0.8,0,0,4,5.94
"763","IIyear.MS64_TDR0.8_ebik0_eq0.csv",65,0.8,0,0,5,9.78
"764","IIyear.MS64_TDR0.8_ebik0_eq0.csv",65,0.8,0,0,6,6.98
"765","IIyear.MS64_TDR0.8_ebik0_eq0.csv",65,0.8,0,0,7,13.88
"766","IIyear.MS64_TDR0.8_ebik0_eq0.csv",65,0.8,0,0,8,9.98
"767","IIyear.MS64_TDR0.8_ebik0_eq1.csv",65,0.8,1,0,0,23.22
"768","IIyear.MS64_TDR0.8_ebik0_eq1.csv",65,0.8,1,0,1,8.09
"769","IIyear.MS64_TDR0.8_ebik0_eq1.csv",65,0.8,1,0,2,7.21
"770","IIyear.MS64_TDR0.8_ebik0_eq1.csv",65,0.8,1,0,3,8.6
"771","IIyear.MS64_TDR0.8_ebik0_eq1.csv",65,0.8,1,0,4,5.63
"772","IIyear.MS64_TDR0.8_ebik0_eq1.csv",65,0.8,1,0,5,10.57
"773","IIyear.MS64_TDR0.8_ebik0_eq1.csv",65,0.8,1,0,6,7.25
"774","IIyear.MS64_TDR0.8_ebik0_eq1.csv",65,0.8,1,0,7,16.16
"775","IIyear.MS64_TDR0.8_ebik0_eq1.csv",65,0.8,1,0,8,13.28
"776","IIyear.MS64_TDR0.8_ebik1_eq0.csv",65,0.8,0,1,0,25.99
"777","IIyear.MS64_TDR0.8_ebik1_eq0.csv",65,0.8,0,1,1,9.69
"778","IIyear.MS64_TDR0.8_ebik1_eq0.csv",65,0.8,0,1,2,14.46
"779","IIyear.MS64_TDR0.8_ebik1_eq0.csv",65,0.8,0,1,3,3.3
"780","IIyear.MS64_TDR0.8_ebik1_eq0.csv",65,0.8,0,1,4,5.56
"781","IIyear.MS64_TDR0.8_ebik1_eq0.csv",65,0.8,0,1,5,11.11
"782","IIyear.MS64_TDR0.8_ebik1_eq0.csv",65,0.8,0,1,6,7.2
"783","IIyear.MS64_TDR0.8_ebik1_eq0.csv",65,0.8,0,1,7,12.8
"784","IIyear.MS64_TDR0.8_ebik1_eq0.csv",65,0.8,0,1,8,9.88
"785","IIyear.MS64_TDR0.8_ebik1_eq1.csv",65,0.8,1,1,0,25.41
"786","IIyear.MS64_TDR0.8_ebik1_eq1.csv",65,0.8,1,1,1,10.01
"787","IIyear.MS64_TDR0.8_ebik1_eq1.csv",65,0.8,1,1,2,14.74
"788","IIyear.MS64_TDR0.8_ebik1_eq1.csv",65,0.8,1,1,3,3.17
"789","IIyear.MS64_TDR0.8_ebik1_eq1.csv",65,0.8,1,1,4,5.65
"790","IIyear.MS64_TDR0.8_ebik1_eq1.csv",65,0.8,1,1,5,11.41
"791","IIyear.MS64_TDR0.8_ebik1_eq1.csv",65,0.8,1,1,6,6.99
"792","IIyear.MS64_TDR0.8_ebik1_eq1.csv",65,0.8,1,1,7,12.64
"793","IIyear.MS64_TDR0.8_ebik1_eq1.csv",65,0.8,1,1,8,9.98
"794","IIyear.MS64_TDR0.9_ebik0_eq0.csv",65,0.9,0,0,0,26.28
"795","IIyear.MS64_TDR0.9_ebik0_eq0.csv",65,0.9,0,0,1,8.4
"796","IIyear.MS64_TDR0.9_ebik0_eq0.csv",65,0.9,0,0,2,9.38
"797","IIyear.MS64_TDR0.9_ebik0_eq0.csv",65,0.9,0,0,3,1.44
"798","IIyear.MS64_TDR0.9_ebik0_eq0.csv",65,0.9,0,0,4,9.14
"799","IIyear.MS64_TDR0.9_ebik0_eq0.csv",65,0.9,0,0,5,7.51
"800","IIyear.MS64_TDR0.9_ebik0_eq0.csv",65,0.9,0,0,6,8.42
"801","IIyear.MS64_TDR0.9_ebik0_eq0.csv",65,0.9,0,0,7,13
"802","IIyear.MS64_TDR0.9_ebik0_eq0.csv",65,0.9,0,0,8,16.41
"803","IIyear.MS64_TDR0.9_ebik0_eq1.csv",65,0.9,1,0,0,20.79
"804","IIyear.MS64_TDR0.9_ebik0_eq1.csv",65,0.9,1,0,1,7.59
"805","IIyear.MS64_TDR0.9_ebik0_eq1.csv",65,0.9,1,0,2,8.37
"806","IIyear.MS64_TDR0.9_ebik0_eq1.csv",65,0.9,1,0,3,1.59
"807","IIyear.MS64_TDR0.9_ebik0_eq1.csv",65,0.9,1,0,4,9.25
"808","IIyear.MS64_TDR0.9_ebik0_eq1.csv",65,0.9,1,0,5,7.26
"809","IIyear.MS64_TDR0.9_ebik0_eq1.csv",65,0.9,1,0,6,9.81
"810","IIyear.MS64_TDR0.9_ebik0_eq1.csv",65,0.9,1,0,7,14.37
"811","IIyear.MS64_TDR0.9_ebik0_eq1.csv",65,0.9,1,0,8,20.98
"812","IIyear.MS64_TDR0.9_ebik1_eq0.csv",65,0.9,0,1,0,23.43
"813","IIyear.MS64_TDR0.9_ebik1_eq0.csv",65,0.9,0,1,1,8.74
"814","IIyear.MS64_TDR0.9_ebik1_eq0.csv",65,0.9,0,1,2,7.89
"815","IIyear.MS64_TDR0.9_ebik1_eq0.csv",65,0.9,0,1,3,8.06
"816","IIyear.MS64_TDR0.9_ebik1_eq0.csv",65,0.9,0,1,4,6.96
"817","IIyear.MS64_TDR0.9_ebik1_eq0.csv",65,0.9,0,1,5,8.41
"818","IIyear.MS64_TDR0.9_ebik1_eq0.csv",65,0.9,0,1,6,8.69
"819","IIyear.MS64_TDR0.9_ebik1_eq0.csv",65,0.9,0,1,7,14.81
"820","IIyear.MS64_TDR0.9_ebik1_eq0.csv",65,0.9,0,1,8,13.02
"821","IIyear.MS64_TDR0.9_ebik1_eq1.csv",65,0.9,1,1,0,22.86
"822","IIyear.MS64_TDR0.9_ebik1_eq1.csv",65,0.9,1,1,1,8.58
"823","IIyear.MS64_TDR0.9_ebik1_eq1.csv",65,0.9,1,1,2,8.01
"824","IIyear.MS64_TDR0.9_ebik1_eq1.csv",65,0.9,1,1,3,8.42
"825","IIyear.MS64_TDR0.9_ebik1_eq1.csv",65,0.9,1,1,4,6.73
"826","IIyear.MS64_TDR0.9_ebik1_eq1.csv",65,0.9,1,1,5,8.5
"827","IIyear.MS64_TDR0.9_ebik1_eq1.csv",65,0.9,1,1,6,8.84
"828","IIyear.MS64_TDR0.9_ebik1_eq1.csv",65,0.9,1,1,7,14.82
"829","IIyear.MS64_TDR0.9_ebik1_eq1.csv",65,0.9,1,1,8,13.25
"830","IIyear.MS64_TDR1_ebik0_eq0.csv",65,1,0,0,0,29.15
"831","IIyear.MS64_TDR1_ebik0_eq0.csv",65,1,0,0,1,7.48
"832","IIyear.MS64_TDR1_ebik0_eq0.csv",65,1,0,0,2,6.57
"833","IIyear.MS64_TDR1_ebik0_eq0.csv",65,1,0,0,3,3.07
"834","IIyear.MS64_TDR1_ebik0_eq0.csv",65,1,0,0,4,3.47
"835","IIyear.MS64_TDR1_ebik0_eq0.csv",65,1,0,0,5,13.08
"836","IIyear.MS64_TDR1_ebik0_eq0.csv",65,1,0,0,6,4.5
"837","IIyear.MS64_TDR1_ebik0_eq0.csv",65,1,0,0,7,14.25
"838","IIyear.MS64_TDR1_ebik0_eq0.csv",65,1,0,0,8,18.43
"839","IIyear.MS64_TDR1_ebik0_eq1.csv",65,1,1,0,0,24.08
"840","IIyear.MS64_TDR1_ebik0_eq1.csv",65,1,1,0,1,6.83
"841","IIyear.MS64_TDR1_ebik0_eq1.csv",65,1,1,0,2,6.14
"842","IIyear.MS64_TDR1_ebik0_eq1.csv",65,1,1,0,3,3.12
"843","IIyear.MS64_TDR1_ebik0_eq1.csv",65,1,1,0,4,3.44
"844","IIyear.MS64_TDR1_ebik0_eq1.csv",65,1,1,0,5,12.55
"845","IIyear.MS64_TDR1_ebik0_eq1.csv",65,1,1,0,6,5
"846","IIyear.MS64_TDR1_ebik0_eq1.csv",65,1,1,0,7,15.43
"847","IIyear.MS64_TDR1_ebik0_eq1.csv",65,1,1,0,8,23.42
"848","IIyear.MS64_TDR1_ebik1_eq0.csv",65,1,0,1,0,24.47
"849","IIyear.MS64_TDR1_ebik1_eq0.csv",65,1,0,1,1,10.04
"850","IIyear.MS64_TDR1_ebik1_eq0.csv",65,1,0,1,2,7.46
"851","IIyear.MS64_TDR1_ebik1_eq0.csv",65,1,0,1,3,1.51
"852","IIyear.MS64_TDR1_ebik1_eq0.csv",65,1,0,1,4,11.34
"853","IIyear.MS64_TDR1_ebik1_eq0.csv",65,1,0,1,5,5.73
"854","IIyear.MS64_TDR1_ebik1_eq0.csv",65,1,0,1,6,6.49
"855","IIyear.MS64_TDR1_ebik1_eq0.csv",65,1,0,1,7,14.51
"856","IIyear.MS64_TDR1_ebik1_eq0.csv",65,1,0,1,8,18.45
"857","IIyear.MS64_TDR1_ebik1_eq1.csv",65,1,1,1,0,24.23
"858","IIyear.MS64_TDR1_ebik1_eq1.csv",65,1,1,1,1,9.72
"859","IIyear.MS64_TDR1_ebik1_eq1.csv",65,1,1,1,2,7.29
"860","IIyear.MS64_TDR1_ebik1_eq1.csv",65,1,1,1,3,1.54
"861","IIyear.MS64_TDR1_ebik1_eq1.csv",65,1,1,1,4,11.63
"862","IIyear.MS64_TDR1_ebik1_eq1.csv",65,1,1,1,5,6.11
"863","IIyear.MS64_TDR1_ebik1_eq1.csv",65,1,1,1,6,6.54
"864","IIyear.MS64_TDR1_ebik1_eq1.csv",65,1,1,1,7,14.58
"865","IIyear.MS64_TDR1_ebik1_eq1.csv",65,1,1,1,8,18.36
"866","IIyear.MS8_TDR0.7_ebik0_eq0.csv",9,0.7,0,0,0,29.89
"867","IIyear.MS8_TDR0.7_ebik0_eq0.csv",9,0.7,0,0,1,9.88
"868","IIyear.MS8_TDR0.7_ebik0_eq0.csv",9,0.7,0,0,2,15.65
"869","IIyear.MS8_TDR0.7_ebik0_eq0.csv",9,0.7,0,0,3,1.2
"870","IIyear.MS8_TDR0.7_ebik0_eq0.csv",9,0.7,0,0,4,7.25
"871","IIyear.MS8_TDR0.7_ebik0_eq0.csv",9,0.7,0,0,5,10.65
"872","IIyear.MS8_TDR0.7_ebik0_eq0.csv",9,0.7,0,0,6,6.22
"873","IIyear.MS8_TDR0.7_ebik0_eq0.csv",9,0.7,0,0,7,11.69
"874","IIyear.MS8_TDR0.7_ebik0_eq0.csv",9,0.7,0,0,8,7.57
"875","IIyear.MS8_TDR0.7_ebik0_eq1.csv",9,0.7,1,0,0,25.14
"876","IIyear.MS8_TDR0.7_ebik0_eq1.csv",9,0.7,1,0,1,9.88
"877","IIyear.MS8_TDR0.7_ebik0_eq1.csv",9,0.7,1,0,2,13.54
"878","IIyear.MS8_TDR0.7_ebik0_eq1.csv",9,0.7,1,0,3,1.42
"879","IIyear.MS8_TDR0.7_ebik0_eq1.csv",9,0.7,1,0,4,8.11
"880","IIyear.MS8_TDR0.7_ebik0_eq1.csv",9,0.7,1,0,5,10.38
"881","IIyear.MS8_TDR0.7_ebik0_eq1.csv",9,0.7,1,0,6,7.28
"882","IIyear.MS8_TDR0.7_ebik0_eq1.csv",9,0.7,1,0,7,13.21
"883","IIyear.MS8_TDR0.7_ebik0_eq1.csv",9,0.7,1,0,8,11.03
"884","IIyear.MS8_TDR0.7_ebik1_eq0.csv",9,0.7,0,1,0,27.58
"885","IIyear.MS8_TDR0.7_ebik1_eq0.csv",9,0.7,0,1,1,9.46
"886","IIyear.MS8_TDR0.7_ebik1_eq0.csv",9,0.7,0,1,2,16.63
"887","IIyear.MS8_TDR0.7_ebik1_eq0.csv",9,0.7,0,1,3,3.2
"888","IIyear.MS8_TDR0.7_ebik1_eq0.csv",9,0.7,0,1,4,6.77
"889","IIyear.MS8_TDR0.7_ebik1_eq0.csv",9,0.7,0,1,5,12.18
"890","IIyear.MS8_TDR0.7_ebik1_eq0.csv",9,0.7,0,1,6,6.62
"891","IIyear.MS8_TDR0.7_ebik1_eq0.csv",9,0.7,0,1,7,11
"892","IIyear.MS8_TDR0.7_ebik1_eq0.csv",9,0.7,0,1,8,6.57
"893","IIyear.MS8_TDR0.7_ebik1_eq1.csv",9,0.7,1,1,0,28.02
"894","IIyear.MS8_TDR0.7_ebik1_eq1.csv",9,0.7,1,1,1,9.64
"895","IIyear.MS8_TDR0.7_ebik1_eq1.csv",9,0.7,1,1,2,16.08
"896","IIyear.MS8_TDR0.7_ebik1_eq1.csv",9,0.7,1,1,3,3.26
"897","IIyear.MS8_TDR0.7_ebik1_eq1.csv",9,0.7,1,1,4,7.22
"898","IIyear.MS8_TDR0.7_ebik1_eq1.csv",9,0.7,1,1,5,11.64
"899","IIyear.MS8_TDR0.7_ebik1_eq1.csv",9,0.7,1,1,6,6.59
"900","IIyear.MS8_TDR0.7_ebik1_eq1.csv",9,0.7,1,1,7,11.32
"901","IIyear.MS8_TDR0.7_ebik1_eq1.csv",9,0.7,1,1,8,6.22
"902","IIyear.MS8_TDR0.8_ebik0_eq0.csv",9,0.8,0,0,0,27.07
"903","IIyear.MS8_TDR0.8_ebik0_eq0.csv",9,0.8,0,0,1,8.54
"904","IIyear.MS8_TDR0.8_ebik0_eq0.csv",9,0.8,0,0,2,7.36
"905","IIyear.MS8_TDR0.8_ebik0_eq0.csv",9,0.8,0,0,3,9.67
"906","IIyear.MS8_TDR0.8_ebik0_eq0.csv",9,0.8,0,0,4,5.54
"907","IIyear.MS8_TDR0.8_ebik0_eq0.csv",9,0.8,0,0,5,9.62
"908","IIyear.MS8_TDR0.8_ebik0_eq0.csv",9,0.8,0,0,6,7.49
"909","IIyear.MS8_TDR0.8_ebik0_eq0.csv",9,0.8,0,0,7,14.86
"910","IIyear.MS8_TDR0.8_ebik0_eq0.csv",9,0.8,0,0,8,9.85
"911","IIyear.MS8_TDR0.8_ebik0_eq1.csv",9,0.8,1,0,0,22.15
"912","IIyear.MS8_TDR0.8_ebik0_eq1.csv",9,0.8,1,0,1,8.94
"913","IIyear.MS8_TDR0.8_ebik0_eq1.csv",9,0.8,1,0,2,7.41
"914","IIyear.MS8_TDR0.8_ebik0_eq1.csv",9,0.8,1,0,3,8.3
"915","IIyear.MS8_TDR0.8_ebik0_eq1.csv",9,0.8,1,0,4,5.67
"916","IIyear.MS8_TDR0.8_ebik0_eq1.csv",9,0.8,1,0,5,10.43
"917","IIyear.MS8_TDR0.8_ebik0_eq1.csv",9,0.8,1,0,6,7.47
"918","IIyear.MS8_TDR0.8_ebik0_eq1.csv",9,0.8,1,0,7,16.7
"919","IIyear.MS8_TDR0.8_ebik0_eq1.csv",9,0.8,1,0,8,12.94
"920","IIyear.MS8_TDR0.8_ebik1_eq0.csv",9,0.8,0,1,0,24.34
"921","IIyear.MS8_TDR0.8_ebik1_eq0.csv",9,0.8,0,1,1,9.1
"922","IIyear.MS8_TDR0.8_ebik1_eq0.csv",9,0.8,0,1,2,14.86
"923","IIyear.MS8_TDR0.8_ebik1_eq0.csv",9,0.8,0,1,3,3.45
"924","IIyear.MS8_TDR0.8_ebik1_eq0.csv",9,0.8,0,1,4,6.08
"925","IIyear.MS8_TDR0.8_ebik1_eq0.csv",9,0.8,0,1,5,10.61
"926","IIyear.MS8_TDR0.8_ebik1_eq0.csv",9,0.8,0,1,6,7.46
"927","IIyear.MS8_TDR0.8_ebik1_eq0.csv",9,0.8,0,1,7,13.86
"928","IIyear.MS8_TDR0.8_ebik1_eq0.csv",9,0.8,0,1,8,10.25
"929","IIyear.MS8_TDR0.8_ebik1_eq1.csv",9,0.8,1,1,0,26.08
"930","IIyear.MS8_TDR0.8_ebik1_eq1.csv",9,0.8,1,1,1,9.81
"931","IIyear.MS8_TDR0.8_ebik1_eq1.csv",9,0.8,1,1,2,14.74
"932","IIyear.MS8_TDR0.8_ebik1_eq1.csv",9,0.8,1,1,3,2.97
"933","IIyear.MS8_TDR0.8_ebik1_eq1.csv",9,0.8,1,1,4,5.61
"934","IIyear.MS8_TDR0.8_ebik1_eq1.csv",9,0.8,1,1,5,11.6
"935","IIyear.MS8_TDR0.8_ebik1_eq1.csv",9,0.8,1,1,6,7.41
"936","IIyear.MS8_TDR0.8_ebik1_eq1.csv",9,0.8,1,1,7,12.08
"937","IIyear.MS8_TDR0.8_ebik1_eq1.csv",9,0.8,1,1,8,9.71
"938","IIyear.MS8_TDR0.9_ebik0_eq0.csv",9,0.9,0,0,0,25.4
"939","IIyear.MS8_TDR0.9_ebik0_eq0.csv",9,0.9,0,0,1,8.81
"940","IIyear.MS8_TDR0.9_ebik0_eq0.csv",9,0.9,0,0,2,8.65
"941","IIyear.MS8_TDR0.9_ebik0_eq0.csv",9,0.9,0,0,3,1.49
"942","IIyear.MS8_TDR0.9_ebik0_eq0.csv",9,0.9,0,0,4,9.33
"943","IIyear.MS8_TDR0.9_ebik0_eq0.csv",9,0.9,0,0,5,7.98
"944","IIyear.MS8_TDR0.9_ebik0_eq0.csv",9,0.9,0,0,6,8.23
"945","IIyear.MS8_TDR0.9_ebik0_eq0.csv",9,0.9,0,0,7,13.69
"946","IIyear.MS8_TDR0.9_ebik0_eq0.csv",9,0.9,0,0,8,16.42
"947","IIyear.MS8_TDR0.9_ebik0_eq1.csv",9,0.9,1,0,0,21.28
"948","IIyear.MS8_TDR0.9_ebik0_eq1.csv",9,0.9,1,0,1,7.22
"949","IIyear.MS8_TDR0.9_ebik0_eq1.csv",9,0.9,1,0,2,8.69
"950","IIyear.MS8_TDR0.9_ebik0_eq1.csv",9,0.9,1,0,3,1.4
"951","IIyear.MS8_TDR0.9_ebik0_eq1.csv",9,0.9,1,0,4,9.01
"952","IIyear.MS8_TDR0.9_ebik0_eq1.csv",9,0.9,1,0,5,7.4
"953","IIyear.MS8_TDR0.9_ebik0_eq1.csv",9,0.9,1,0,6,9.72
"954","IIyear.MS8_TDR0.9_ebik0_eq1.csv",9,0.9,1,0,7,14.85
"955","IIyear.MS8_TDR0.9_ebik0_eq1.csv",9,0.9,1,0,8,20.42
"956","IIyear.MS8_TDR0.9_ebik1_eq0.csv",9,0.9,0,1,0,22.71
"957","IIyear.MS8_TDR0.9_ebik1_eq0.csv",9,0.9,0,1,1,8.19
"958","IIyear.MS8_TDR0.9_ebik1_eq0.csv",9,0.9,0,1,2,7.28
"959","IIyear.MS8_TDR0.9_ebik1_eq0.csv",9,0.9,0,1,3,8.4
"960","IIyear.MS8_TDR0.9_ebik1_eq0.csv",9,0.9,0,1,4,6.83
"961","IIyear.MS8_TDR0.9_ebik1_eq0.csv",9,0.9,0,1,5,8.7
"962","IIyear.MS8_TDR0.9_ebik1_eq0.csv",9,0.9,0,1,6,9.31
"963","IIyear.MS8_TDR0.9_ebik1_eq0.csv",9,0.9,0,1,7,15.14
"964","IIyear.MS8_TDR0.9_ebik1_eq0.csv",9,0.9,0,1,8,13.45
"965","IIyear.MS8_TDR0.9_ebik1_eq1.csv",9,0.9,1,1,0,23.3
"966","IIyear.MS8_TDR0.9_ebik1_eq1.csv",9,0.9,1,1,1,9.05
"967","IIyear.MS8_TDR0.9_ebik1_eq1.csv",9,0.9,1,1,2,7.48
"968","IIyear.MS8_TDR0.9_ebik1_eq1.csv",9,0.9,1,1,3,8.45
"969","IIyear.MS8_TDR0.9_ebik1_eq1.csv",9,0.9,1,1,4,6.28
"970","IIyear.MS8_TDR0.9_ebik1_eq1.csv",9,0.9,1,1,5,8.28
"971","IIyear.MS8_TDR0.9_ebik1_eq1.csv",9,0.9,1,1,6,9.13
"972","IIyear.MS8_TDR0.9_ebik1_eq1.csv",9,0.9,1,1,7,14.65
"973","IIyear.MS8_TDR0.9_ebik1_eq1.csv",9,0.9,1,1,8,13.38
"974","IIyear.MS8_TDR1_ebik0_eq0.csv",9,1,0,0,0,28.74
"975","IIyear.MS8_TDR1_ebik0_eq0.csv",9,1,0,0,1,7.42
"976","IIyear.MS8_TDR1_ebik0_eq0.csv",9,1,0,0,2,6.05
"977","IIyear.MS8_TDR1_ebik0_eq0.csv",9,1,0,0,3,2.86
"978","IIyear.MS8_TDR1_ebik0_eq0.csv",9,1,0,0,4,3.69
"979","IIyear.MS8_TDR1_ebik0_eq0.csv",9,1,0,0,5,14.11
"980","IIyear.MS8_TDR1_ebik0_eq0.csv",9,1,0,0,6,3.97
"981","IIyear.MS8_TDR1_ebik0_eq0.csv",9,1,0,0,7,14.45
"982","IIyear.MS8_TDR1_ebik0_eq0.csv",9,1,0,0,8,18.7
"983","IIyear.MS8_TDR1_ebik0_eq1.csv",9,1,1,0,0,23.89
"984","IIyear.MS8_TDR1_ebik0_eq1.csv",9,1,1,0,1,6.44
"985","IIyear.MS8_TDR1_ebik0_eq1.csv",9,1,1,0,2,6.07
"986","IIyear.MS8_TDR1_ebik0_eq1.csv",9,1,1,0,3,2.94
"987","IIyear.MS8_TDR1_ebik0_eq1.csv",9,1,1,0,4,3.3
"988","IIyear.MS8_TDR1_ebik0_eq1.csv",9,1,1,0,5,13
"989","IIyear.MS8_TDR1_ebik0_eq1.csv",9,1,1,0,6,5.2
"990","IIyear.MS8_TDR1_ebik0_eq1.csv",9,1,1,0,7,15.54
"991","IIyear.MS8_TDR1_ebik0_eq1.csv",9,1,1,0,8,23.63
"992","IIyear.MS8_TDR1_ebik1_eq0.csv",9,1,0,1,0,23.55
"993","IIyear.MS8_TDR1_ebik1_eq0.csv",9,1,0,1,1,9.45
"994","IIyear.MS8_TDR1_ebik1_eq0.csv",9,1,0,1,2,6.83
"995","IIyear.MS8_TDR1_ebik1_eq0.csv",9,1,0,1,3,1.44
"996","IIyear.MS8_TDR1_ebik1_eq0.csv",9,1,0,1,4,11.82
"997","IIyear.MS8_TDR1_ebik1_eq0.csv",9,1,0,1,5,6.4
"998","IIyear.MS8_TDR1_ebik1_eq0.csv",9,1,0,1,6,6.66
"999","IIyear.MS8_TDR1_ebik1_eq0.csv",9,1,0,1,7,14.6
"1000","IIyear.MS8_TDR1_ebik1_eq0.csv",9,1,0,1,8,19.25
"1001","IIyear.MS8_TDR1_ebik1_eq1.csv",9,1,1,1,0,23.58
"1002","IIyear.MS8_TDR1_ebik1_eq1.csv",9,1,1,1,1,9.42
"1003","IIyear.MS8_TDR1_ebik1_eq1.csv",9,1,1,1,2,7.35
"1004","IIyear.MS8_TDR1_ebik1_eq1.csv",9,1,1,1,3,1.67
"1005","IIyear.MS8_TDR1_ebik1_eq1.csv",9,1,1,1,4,11.38
"1006","IIyear.MS8_TDR1_ebik1_eq1.csv",9,1,1,1,5,6.12
"1007","IIyear.MS8_TDR1_ebik1_eq1.csv",9,1,1,1,6,7.4
"1008","IIyear.MS8_TDR1_ebik1_eq1.csv",9,1,1,1,7,14.73
"1009","IIyear.MS8_TDR1_ebik1_eq1.csv",9,1,1,1,8,18.35
